buurtcode,buurtnaam,wijkcode,gemeenteco,gemeentena,indelingsw,water,meestVoork,dekkingspe,omgevingsa,stedelijkh,bevolkings,aantalInwo,mannen,vrouwen,percentage,percenta_1,percenta_2,percenta_3,percenta_4,percenta_5,percenta_6,percenta_7,percenta_8,aantalHuis,percenta_9,percenta10,percenta11,gemiddelde,percenta12,percenta13,percenta14,percenta15,percGebInN,percGebI_1,percGebBui,percGebB_1,oppervlakt,oppervla_1,oppervla_2,jrstatcode,jaar,fuuid,max_overla,max_over_1,max_over_2,max_over_3,max_area,gm_code,gm_naam,gm_doel,doc_code,tvw_naam,doc_datum,doc_type,doc_status,doc_voorwa,doc_proces,doc_inhoud,bronvermel,pln_code,pln_naam,plansoort,startjaar,eindjaar,planstatus,planstat_1,planstat_2,techniekst,techniek_1,techniek_2,pln_voorwa,pln_doel,isolatiegr,isolatie_1,isolatie_2,installati,installa_1,installa_2,infrastruc,infrastr_1,infrastr_2,energiebro,energieb_1,energieb_2,energieb_3
BU02339997,Groot binnenwater,WK023399,GM0233,Ermelo,"-99999999",JA,,"-99999999","-99999999","-99999999","-99999999","-99999999","-99999999","-99999999","-99999999","-99999999","-99999999","-99999999","-99999999","-99999999","-99999999","-99999999","-99999999","-99999999","-99999999","-99999999","-99999999",-99999999.000000000000000,"-99999999","-99999999","-99999999","-99999999","-99999999","-99999999","-99999999","-99999999","-99999999","-99999999","-99999999",2023BU02339997,"2023",buurten.eee82791-8652-44b0-a576-dd906cb08098,,,,,,,,,,,,,,,,,,,,,,,,,,,,,,,,,,,,,,,,,,,
BU03759998,Buitenwater,WK037599,GM0375,Beverwijk,"-99999999",JA,,"-99999999","-99999999","-99999999","-99999999","-99999999","-99999999","-99999999","-99999999","-99999999","-99999999","-99999999","-99999999","-99999999","-99999999","-99999999","-99999999","-99999999","-99999999","-99999999","-99999999",-99999999.000000000000000,"-99999999","-99999999","-99999999","-99999999","-99999999","-99999999","-99999999","-99999999","-99999999","-99999999","-99999999",2023BU03759998,"2023",buurten.2c332065-f407-4b3e-9842-6c9f3fa35de6,,,,,,,,,,,,,,,,,,,,,,,,,,,,,,,,,,,,,,,,,,,
BU03839998,Buitenwater,WK038399,GM0383,Castricum,"-99999999",JA,,"-99999999","-99999999","-99999999","-99999999","-99999999","-99999999","-99999999","-99999999","-99999999","-99999999","-99999999","-99999999","-99999999","-99999999","-99999999","-99999999","-99999999","-99999999","-99999999","-99999999",-99999999.000000000000000,"-99999999","-99999999","-99999999","-99999999","-99999999","-99999999","-99999999","-99999999","-99999999","-99999999","-99999999",2023BU03839998,"2023",buurten.83fe9751-a648-40f5-b01a-60de74c1ba9c,,,,,,,,,,,,,,,,,,,,,,,,,,,,,,,,,,,,,,,,,,,
BU03969998,Buitenwater,WK039699,GM0396,Heemskerk,"-99999999",JA,,"-99999999","-99999999","-99999999","-99999999","-99999999","-99999999","-99999999","-99999999","-99999999","-99999999","-99999999","-99999999","-99999999","-99999999","-99999999","-99999999","-99999999","-99999999","-99999999","-99999999",-99999999.000000000000000,"-99999999","-99999999","-99999999","-99999999","-99999999","-99999999","-99999999","-99999999","-99999999","-99999999","-99999999",2023BU03969998,"2023",buurten.fb9c032b-4751-486c-a651-6a39840fda05,,,,,,,,,,,,,,,,,,,,,,,,,,,,,,,,,,,,,,,,,,,
BU04489998,Buitenwater,WK044899,GM0448,Texel,"-99999999",JA,,"-99999999","-99999999","-99999999","-99999999","-99999999","-99999999","-99999999","-99999999","-99999999","-99999999","-99999999","-99999999","-99999999","-99999999","-99999999","-99999999","-99999999","-99999999","-99999999","-99999999",-99999999.000000000000000,"-99999999","-99999999","-99999999","-99999999","-99999999","-99999999","-99999999","-99999999","-99999999","-99999999","-99999999",2023BU04489998,"2023",buurten.f4153ca6-31b9-4ed9-80e0-9af1858babb4,,,,,,,,,,,,,,,,,,,,,,,,,,,,,,,,,,,,,,,,,,,
BU04989997,Groot binnenwater,WK049899,GM0498,Drechterland,"-99999999",JA,,"-99999999","-99999999","-99999999","-99999999","-99999999","-99999999","-99999999","-99999999","-99999999","-99999999","-99999999","-99999999","-99999999","-99999999","-99999999","-99999999","-99999999","-99999999","-99999999","-99999999",-99999999.000000000000000,"-99999999","-99999999","-99999999","-99999999","-99999999","-99999999","-99999999","-99999999","-99999999","-99999999","-99999999",2023BU04989997,"2023",buurten.e316c037-4888-4f6c-a53b-6313ae0822eb,,,,,0.047515094180615,GM0532,Stede Broec,aardgasvrij en fossiele brandstof-vrij in 2050,DC053201,"Transitievisie Warmte, Stede Broec, Enkhuizen, Drechterland",2021-08-16,"1","1","betaalbaar, draagvlak, overlast beperken",draagvlak bepaalt het tempo,fossiele brandstof-vrij in 2050,https://stedebroec.notubiz.nl/vergadering/806509#ai_6227111,PL0532010003,Buitengebied,"1","2022",onbekend,orienterend,orienterend,"7",voorkeursoptie,voorkeursoptie,"8",geen,zoveel mogelijk besparen van aardgas,Onbekend,Onbekend,"0",(Hybride) Warmtepomp,"hWP,eWP","6",Gasnet,"E,G","3",Hernieuwbaar gas,hernieuwbaar gas,hernieuwbaar gas,"36"
BU05329997,Groot binnenwater,WK053299,GM0532,Stede Broec,"-99999999",JA,,"-99999999","-99999999","-99999999","-99999999","-99999999","-99999999","-99999999","-99999999","-99999999","-99999999","-99999999","-99999999","-99999999","-99999999","-99999999","-99999999","-99999999","-99999999","-99999999","-99999999",-99999999.000000000000000,"-99999999","-99999999","-99999999","-99999999","-99999999","-99999999","-99999999","-99999999","-99999999","-99999999","-99999999",2023BU05329997,"2023",buurten.a6070168-0f08-487f-a97a-1f01f2103324,,,,,408.233818983543983,GM0532,Stede Broec,aardgasvrij en fossiele brandstof-vrij in 2050,DC053201,"Transitievisie Warmte, Stede Broec, Enkhuizen, Drechterland",2021-08-16,"1","1","betaalbaar, draagvlak, overlast beperken",draagvlak bepaalt het tempo,fossiele brandstof-vrij in 2050,https://stedebroec.notubiz.nl/vergadering/806509#ai_6227111,PL0532010003,Buitengebied,"1","2022",onbekend,orienterend,orienterend,"7",voorkeursoptie,voorkeursoptie,"8",geen,zoveel mogelijk besparen van aardgas,Onbekend,Onbekend,"0",(Hybride) Warmtepomp,"hWP,eWP","6",Gasnet,"E,G","3",Hernieuwbaar gas,hernieuwbaar gas,hernieuwbaar gas,"36"
BU05379998,Buitenwater,WK053799,GM0537,Katwijk,"-99999999",JA,,"-99999999","-99999999","-99999999","-99999999","-99999999","-99999999","-99999999","-99999999","-99999999","-99999999","-99999999","-99999999","-99999999","-99999999","-99999999","-99999999","-99999999","-99999999","-99999999","-99999999",-99999999.000000000000000,"-99999999","-99999999","-99999999","-99999999","-99999999","-99999999","-99999999","-99999999","-99999999","-99999999","-99999999",2023BU05379998,"2023",buurten.43b2038b-8f8a-4970-91dc-8417f31caa10,,,,,,,,,,,,,,,,,,,,,,,,,,,,,,,,,,,,,,,,,,,
BU05999998,Buitenwater,WK059999,GM0599,Rotterdam,"-99999999",JA,,"-99999999","-99999999","-99999999","-99999999","-99999999","-99999999","-99999999","-99999999","-99999999","-99999999","-99999999","-99999999","-99999999","-99999999","-99999999","-99999999","-99999999","-99999999","-99999999","-99999999",-99999999.000000000000000,"-99999999","-99999999","-99999999","-99999999","-99999999","-99999999","-99999999","-99999999","-99999999","-99999999","-99999999",2023BU05999998,"2023",buurten.080b40e1-fa3a-4bb0-a6f8-a28be36b9ce4,,,,,,,,,,,,,,,,,,,,,,,,,,,,,,,,,,,,,,,,,,,
BU19119998,Buitenwater,WK191199,GM1911,Hollands Kroon,"-99999999",JA,,"-99999999","-99999999","-99999999","-99999999","-99999999","-99999999","-99999999","-99999999","-99999999","-99999999","-99999999","-99999999","-99999999","-99999999","-99999999","-99999999","-99999999","-99999999","-99999999","-99999999",-99999999.000000000000000,"-99999999","-99999999","-99999999","-99999999","-99999999","-99999999","-99999999","-99999999","-99999999","-99999999","-99999999",2023BU19119998,"2023",buurten.afe94fb8-3af0-46a9-a661-0830e14e2961,,,,,,,,,,,,,,,,,,,,,,,,,,,,,,,,,,,,,,,,,,,
BU19309997,Groot binnenwater,WK193099,GM1930,Nissewaard,"-99999999",JA,,"-99999999","-99999999","-99999999","-99999999","-99999999","-99999999","-99999999","-99999999","-99999999","-99999999","-99999999","-99999999","-99999999","-99999999","-99999999","-99999999","-99999999","-99999999","-99999999","-99999999",-99999999.000000000000000,"-99999999","-99999999","-99999999","-99999999","-99999999","-99999999","-99999999","-99999999","-99999999","-99999999","-99999999",2023BU19309997,"2023",buurten.7853437a-07cb-4fb9-894f-08fcf731c230,,,,,,,,,,,,,,,,,,,,,,,,,,,,,,,,,,,,,,,,,,,
BU19669997,Groot binnenwater,WK196699,GM1966,Het Hogeland,"-99999999",JA,,"-99999999","-99999999","-99999999","-99999999","-99999999","-99999999","-99999999","-99999999","-99999999","-99999999","-99999999","-99999999","-99999999","-99999999","-99999999","-99999999","-99999999","-99999999","-99999999","-99999999",-99999999.000000000000000,"-99999999","-99999999","-99999999","-99999999","-99999999","-99999999","-99999999","-99999999","-99999999","-99999999","-99999999",2023BU19669997,"2023",buurten.da7cfc1d-3aad-4dd1-850f-dbd0092c2dc5,,,,,,,,,,,,,,,,,,,,,,,,,,,,,,,,,,,,,,,,,,,
BU19699997,Groot binnenwater,WK196999,GM1969,Westerkwartier,"-99999999",JA,,"-99999999","-99999999","-99999999","-99999999","-99999999","-99999999","-99999999","-99999999","-99999999","-99999999","-99999999","-99999999","-99999999","-99999999","-99999999","-99999999","-99999999","-99999999","-99999999","-99999999",-99999999.000000000000000,"-99999999","-99999999","-99999999","-99999999","-99999999","-99999999","-99999999","-99999999","-99999999","-99999999","-99999999",2023BU19699997,"2023",buurten.ec8d18cf-b695-400d-804a-319d4e743b28,,,,,,,,,,,,,,,,,,,,,,,,,,,,,,,,,,,,,,,,,,,
BU19929997,Groot binnenwater,WK199299,GM1992,Voorne aan Zee,"-99999999",JA,,"-99999999","-99999999","-99999999","-99999999","-99999999","-99999999","-99999999","-99999999","-99999999","-99999999","-99999999","-99999999","-99999999","-99999999","-99999999","-99999999","-99999999","-99999999","-99999999","-99999999",-99999999.000000000000000,"-99999999","-99999999","-99999999","-99999999","-99999999","-99999999","-99999999","-99999999","-99999999","-99999999","-99999999",2023BU19929997,"2023",buurten.8de3d865-d8f6-4c9d-8ba8-8c33d30664d2,,,,,,,,,,,,,,,,,,,,,,,,,,,,,,,,,,,,,,,,,,,
BU19929998,Buitenwater,WK199299,GM1992,Voorne aan Zee,"-99999999",JA,,"-99999999","-99999999","-99999999","-99999999","-99999999","-99999999","-99999999","-99999999","-99999999","-99999999","-99999999","-99999999","-99999999","-99999999","-99999999","-99999999","-99999999","-99999999","-99999999","-99999999",-99999999.000000000000000,"-99999999","-99999999","-99999999","-99999999","-99999999","-99999999","-99999999","-99999999","-99999999","-99999999","-99999999",2023BU19929998,"2023",buurten.9a00851a-327a-4997-a6d7-11b4cde28ecf,,,,,,,,,,,,,,,,,,,,,,,,,,,,,,,,,,,,,,,,,,,
BU00140000,Binnenstad-Noord,WK001400,GM0014,Groningen,"1",NEE,"9712","1","6865","1","11875","4405","2315","2090","2","48","33","10","7","88","7","4","1","3565","82","15","3",1.200000000000000,"67","18","15","67","3","5","15","11","39","37","2",2023BU00140000,"2023",buurten.b8682703-28d4-45be-a948-a563dc54e013,,,,,,,,,,,,,,,,,,,,,,,,,,,,,,,,,,,,,,,,,,,
BU00140001,Binnenstad-Zuid,WK001400,GM0014,Groningen,"1",NEE,"9711","1","6586","1","11919","6570","3505","3060","2","47","34","10","8","88","7","4","1","5285","82","15","3",1.200000000000000,"63","19","18","63","3","6","16","12","59","55","4",2023BU00140001,"2023",buurten.6508d9ea-3517-4e9f-afc5-30550ec985e4,,,,,,,,,,,,,,,,,,,,,,,,,,,,,,,,,,,,,,,,,,,
BU00140002,Binnenstad-Oost,WK001400,GM0014,Groningen,"1",NEE,"9711","3","6264","1","15522","4160","2155","2005","3","41","36","11","9","86","8","4","1","3305","79","17","4",1.300000000000000,"63","17","20","63","3","6","14","14","29","27","2",2023BU00140002,"2023",buurten.a96189ab-4d4b-4b73-9c9c-f24d120cb1a3,,,,,,,,,,,,,,,,,,,,,,,,,,,,,,,,,,,,,,,,,,,
BU00140003,Binnenstad-West,WK001400,GM0014,Groningen,"1",NEE,"9718","1","6576","1","17446","1700","940","765","2","41","38","9","10","85","10","3","2","1375","80","17","3",1.200000000000000,"67","18","15","67","3","6","14","9","11","10","1",2023BU00140003,"2023",buurten.a7608097-0007-4df7-8564-b9e7a56ac498,,,,,,,,,,,,,,,,,,,,,,,,,,,,,,,,,,,,,,,,,,,
BU00140005,Hortusbuurt-Ebbingekwartier,WK001400,GM0014,Groningen,"1",NEE,"9712","2","6898","1","13502","5875","2945","2925","4","38","32","14","11","81","12","5","2","4405","78","16","6",1.300000000000000,"65","19","16","65","3","6","16","10","45","43","1",2023BU00140005,"2023",buurten.d6b144e2-42c4-440a-9c2f-d7c54a5a15da,,,,,,,,,,,,,,,,,,,,,,,,,,,,,,,,,,,,,,,,,,,
BU00140007,UMCG,WK001400,GM0014,Groningen,"1",NEE,"9713","1","6600","1","-99999999","0","0","0","-99999999","-99999999","-99999999","-99999999","-99999999","-99999999","-99999999","-99999999","-99999999","5","-99999999","-99999999","-99999999",1.000000000000000,"-99999999","-99999999","-99999999","-99999999","-99999999","-99999999","-99999999","-99999999","24","24","0",2023BU00140007,"2023",buurten.10ae5782-90a8-4cdb-a9d1-2342b4e21fd7,,,,,,,,,,,,,,,,,,,,,,,,,,,,,,,,,,,,,,,,,,,
BU00140008,Stationsgebied,WK001400,GM0014,Groningen,"1",NEE,"9726","1","5935","1","3338","430","170","255","0","71","9","6","14","82","11","4","2","390","91","8","1",1.100000000000000,"35","46","20","35","2","2","44","18","15","13","2",2023BU00140008,"2023",buurten.29b0a889-cd9b-4984-a861-e69d70c95788,,,,,,,,,,,,,,,,,,,,,,,,,,,,,,,,,,,,,,,,,,,
BU00140100,De Meeuwen,WK001401,GM0014,Groningen,"1",NEE,"9723","1","4431","1","8107","1770","845","925","10","30","28","17","15","70","22","6","2","1190","68","19","13",1.500000000000000,"59","26","16","59","2","4","24","11","23","22","1",2023BU00140100,"2023",buurten.83a97459-d9ee-4fcf-b106-ffc85d910c98,,,,,,,,,,,,,,,,,,,,,,,,,,,,,,,,,,,,,,,,,,,
BU00140101,Oosterpoort,WK001401,GM0014,Groningen,"1",NEE,"9724","1","4421","1","12425","4925","2425","2500","5","30","37","17","12","82","11","6","2","3580","71","21","8",1.400000000000000,"72","14","14","72","3","5","12","9","42","40","2",2023BU00140101,"2023",buurten.19709f55-c755-4d9f-b73e-5ca231c2a5a4,,,,,,,,,,,,,,,,,,,,,,,,,,,,,,,,,,,,,,,,,,,
BU00140102,Herewegbuurt,WK001401,GM0014,Groningen,"1",NEE,"9725","1","4422","1","9714","1580","775","805","7","32","38","15","8","81","13","5","1","1095","68","24","8",1.400000000000000,"71","16","13","71","4","5","12","9","16","16","0",2023BU00140102,"2023",buurten.d1999c29-e521-4784-b688-06a84114d4aa,,,,,,,,,,,,,,,,,,,,,,,,,,,,,,,,,,,,,,,,,,,
BU00140103,Rivierenbuurt,WK001401,GM0014,Groningen,"1",NEE,"9725","1","4301","1","8207","4540","2240","2300","5","29","38","14","14","80","12","6","3","3350","72","21","7",1.400000000000000,"70","14","15","70","3","6","11","9","56","55","1",2023BU00140103,"2023",buurten.d412900e-d2cc-4162-84cc-cbf03672361c,,,,,,,,,,,,,,,,,,,,,,,,,,,,,,,,,,,,,,,,,,,
BU00140104,Grunobuurt,WK001401,GM0014,Groningen,"1",NEE,"9727","1","3814","1","10589","2315","1125","1190","8","24","44","15","8","81","11","6","2","1615","68","20","11",1.400000000000000,"72","12","16","72","3","8","9","8","23","22","1",2023BU00140104,"2023",buurten.c79cb72f-b0f4-4414-aa60-d8771f52e428,,,,,,,,,,,,,,,,,,,,,,,,,,,,,,,,,,,,,,,,,,,
BU00140105,Badstratenbuurt,WK001401,GM0014,Groningen,"1",NEE,"9726","1","5737","1","14606","875","450","425","3","37","39","13","8","87","6","5","1","695","78","17","4",1.300000000000000,"72","14","14","72","4","6","10","9","7","6","1",2023BU00140105,"2023",buurten.432303f5-dbb0-4b97-886b-181448b8cd8f,,,,,,,,,,,,,,,,,,,,,,,,,,,,,,,,,,,,,,,,,,,
BU00140106,Zeeheldenbuurt,WK001401,GM0014,Groningen,"1",NEE,"9726","1","4096","1","11061","3690","1790","1900","3","46","38","8","4","89","8","3","1","2795","75","21","5",1.300000000000000,"67","18","16","67","3","4","15","11","35","33","1",2023BU00140106,"2023",buurten.385f619c-67e2-438f-96e2-2e354a559df1,,,,,,,,,,,,,,,,,,,,,,,,,,,,,,,,,,,,,,,,,,,
BU00140107,Laanhuizen,WK001401,GM0014,Groningen,"1",NEE,"9727","1","3617","1","6002","1235","620","615","6","32","38","16","8","83","11","5","2","835","64","27","9",1.500000000000000,"78","11","11","78","2","5","9","6","21","21","0",2023BU00140107,"2023",buurten.8ffcc47b-cc69-4482-81dd-d5af20a74d29,,,,,,,,,,,,,,,,,,,,,,,,,,,,,,,,,,,,,,,,,,,
BU00140108,Stadspark,WK001401,GM0014,Groningen,"1",NEE,"9727","1","2283","2","11","15","10","5","-99999999","-99999999","-99999999","-99999999","-99999999","-99999999","-99999999","-99999999","-99999999","10","83","8","8",1.200000000000000,"-99999999","-99999999","-99999999","-99999999","-99999999","-99999999","-99999999","-99999999","139","129","10",2023BU00140108,"2023",buurten.8a02aa1a-0aa0-4ce2-be62-cc905eeee80e,,,,,,,,,,,,,,,,,,,,,,,,,,,,,,,,,,,,,,,,,,,
BU00140109,Martini Trade Park,WK001401,GM0014,Groningen,"1",NEE,"9727","1","2831","1","-99999999","5","5","5","-99999999","-99999999","-99999999","-99999999","-99999999","-99999999","-99999999","-99999999","-99999999","0","-99999999","-99999999","-99999999",1.000000000000000,"-99999999","-99999999","-99999999","-99999999","-99999999","-99999999","-99999999","-99999999","25","25","0",2023BU00140109,"2023",buurten.2930f14f-9495-4e7f-853d-a610cb4044a7,,,,,,,,,,,,,,,,,,,,,,,,,,,,,,,,,,,,,,,,,,,
BU00140110,Peizerweg,WK001401,GM0014,Groningen,"2",NEE,"9727","5","945","4","627","230","135","100","0","77","19","2","2","98","1","0","0","225","98","2","0",1.000000000000000,"8","66","27","8","0","0","65","26","37","37","0",2023BU00140110,"2023",buurten.663ea004-0af8-4fcb-855f-deb7ba183874,,,,,,,,,,,,,,,,,,,,,,,,,,,,,,,,,,,,,,,,,,,
BU00140202,Schildersbuurt,WK001402,GM0014,Groningen,"1",NEE,"9718","1","5682","1","14995","5475","2625","2845","4","42","30","13","10","81","14","4","2","4035","75","19","6",1.400000000000000,"71","15","14","71","3","5","12","9","39","36","3",2023BU00140202,"2023",buurten.8d97dad6-6f21-4410-a7ed-cda31b409b32,,,,,,,,,,,,,,,,,,,,,,,,,,,,,,,,,,,,,,,,,,,
BU00140203,Kostverloren,WK001402,GM0014,Groningen,"1",NEE,"9718","1","3924","1","9227","2285","1150","1135","8","22","40","18","11","78","13","6","3","1575","67","21","12",1.400000000000000,"69","11","19","69","3","7","9","12","26","25","2",2023BU00140203,"2023",buurten.6dca9f85-a85e-4c8c-b5a5-b0db4ddd1487,,,,,,,,,,,,,,,,,,,,,,,,,,,,,,,,,,,,,,,,,,,
BU00140400,Gorechtbuurt,WK001404,GM0014,Groningen,"1",NEE,"9713","1","5413","1","12352","4655","2235","2420","7","28","42","14","9","80","12","6","2","3225","68","22","10",1.400000000000000,"71","13","16","71","3","6","10","10","38","38","1",2023BU00140400,"2023",buurten.2995d3be-0ab8-4772-8633-3ced2bac110f,,,,,,,,,,,,,,,,,,,,,,,,,,,,,,,,,,,,,,,,,,,
BU00140401,Vogelbuurt,WK001404,GM0014,Groningen,"1",NEE,"9713","1","4333","1","8319","2930","1435","1500","15","13","42","21","9","72","18","8","2","1785","62","18","20",1.600000000000000,"62","10","27","62","3","9","7","18","37","35","2",2023BU00140401,"2023",buurten.15dbd1a2-6270-4124-93fd-1a53ebb82a30,,,,,,,,,,,,,,,,,,,,,,,,,,,,,,,,,,,,,,,,,,,
BU00140402,Bloemenbuurt,WK001404,GM0014,Groningen,"1",NEE,"9713","1","3597","1","12009","2795","1375","1415","13","13","41","24","9","76","12","10","2","1840","64","18","18",1.500000000000000,"68","8","24","68","3","10","5","15","23","23","0",2023BU00140402,"2023",buurten.4b65d545-f54e-43f7-adfd-aac9a1c9b005,,,,,,,,,,,,,,,,,,,,,,,,,,,,,,,,,,,,,,,,,,,
BU00140403,Florabuurt,WK001404,GM0014,Groningen,"1",NEE,"9713","1","2852","1","5803","1445","720","725","13","15","42","22","8","71","19","8","2","865","58","21","21",1.700000000000000,"76","8","16","76","3","7","5","10","29","25","4",2023BU00140403,"2023",buurten.12346803-c2eb-4bc1-8c71-94fbdb6b1130,,,,,,,,,,,,,,,,,,,,,,,,,,,,,,,,,,,,,,,,,,,
BU00140404,Damsterbuurt,WK001404,GM0014,Groningen,"1",NEE,"9713","1","3873","1","3201","880","465","410","7","29","39","15","9","83","11","5","2","655","78","14","8",1.300000000000000,"60","18","22","60","3","6","15","16","37","27","10",2023BU00140404,"2023",buurten.b978c51b-e657-4bd1-b341-bd3f4a29d11c,,,,,,,,,,,,,,,,,,,,,,,,,,,,,,,,,,,,,,,,,,,
BU00140500,De Linie,WK001405,GM0014,Groningen,"1",NEE,"9723","1","3374","1","8612","930","485","445","18","14","34","26","8","66","27","5","1","430","38","27","34",2.200000000000000,"74","13","13","74","4","6","9","7","12","11","1",2023BU00140500,"2023",buurten.5b73f5f8-fcea-454a-93a2-7442c9733a59,,,,,,,,,,,,,,,,,,,,,,,,,,,,,,,,,,,,,,,,,,,
BU00140501,Europapark,WK001405,GM0014,Groningen,"1",NEE,"9723","1","2193","2","3032","1330","675","660","5","11","33","17","34","51","32","7","11","890","61","32","7",1.500000000000000,"80","8","12","80","3","5","4","7","48","44","4",2023BU00140501,"2023",buurten.dfd18187-79d3-478c-8836-029f93b2b7d1,,,,,,,,,,,,,,,,,,,,,,,,,,,,,,,,,,,,,,,,,,,
BU00140502,Eemskanaal,WK001405,GM0014,Groningen,"1",NEE,"9723","1","1159","3","131","165","85","85","16","15","41","23","6","70","23","5","2","110","71","4","25",1.500000000000000,"18","68","15","18","1","2","67","12","144","125","18",2023BU00140502,"2023",buurten.eaf382f4-cc87-4bda-8557-ab7644042118,,,,,,,,,,,,,,,,,,,,,,,,,,,,,,,,,,,,,,,,,,,
BU00140503,Kop van Oost,WK001405,GM0014,Groningen,"1",NEE,"9723","1","4294","1","12240","710","365","345","10","15","41","24","10","66","27","5","1","400","49","31","19",1.800000000000000,"68","14","18","68","4","5","9","13","6","6","1",2023BU00140503,"2023",buurten.8897c3bf-6867-42d6-adca-5d4fc6285238,,,,,,,,,,,,,,,,,,,,,,,,,,,,,,,,,,,,,,,,,,,
BU00140504,Woonschepenhaven,WK001405,GM0014,Groningen,"1",NEE,"9723","1","1060","3","1936","130","70","60","8","18","24","34","15","67","24","8","1","80","59","27","14",1.700000000000000,"82","14","4","82","5","2","9","2","12","7","5",2023BU00140504,"2023",buurten.148d3062-5b40-4236-881a-79cee916d7d6,,,,,,,,,,,,,,,,,,,,,,,,,,,,,,,,,,,,,,,,,,,
BU00140505,Driebond,WK001405,GM0014,Groningen,"1",NEE,"9723","1","412","5","66","60","40","20","23","23","28","22","3","63","33","3","0","10","83","17","0",1.200000000000000,"18","0","82","18","0","3","0","78","96","91","4",2023BU00140505,"2023",buurten.b065bcaa-9f4a-489c-a855-72e61947113a,,,,,,,,,,,,,,,,,,,,,,,,,,,,,,,,,,,,,,,,,,,
BU00140506,Eemspoort,WK001405,GM0014,Groningen,"1",NEE,"9723","1","282","5","29","30","15","15","-99999999","-99999999","-99999999","-99999999","-99999999","-99999999","-99999999","-99999999","-99999999","10","17","50","33",2.600000000000000,"-99999999","-99999999","-99999999","-99999999","-99999999","-99999999","-99999999","-99999999","108","108","0",2023BU00140506,"2023",buurten.5b3dad5e-b1a5-4d15-984d-38a611f7ed9c,,,,,,,,,,,,,,,,,,,,,,,,,,,,,,,,,,,,,,,,,,,
BU00140507,Euvelgunne,WK001405,GM0014,Groningen,"1",NEE,"9723","1","307","5","55","55","35","20","11","15","26","33","15","59","26","11","4","25","48","17","35",2.300000000000000,"91","9","0","91","0","0","9","0","101","98","3",2023BU00140507,"2023",buurten.ee1c64ca-26e3-4b17-ade9-08329278b876,,,,,,,,,,,,,,,,,,,,,,,,,,,,,,,,,,,,,,,,,,,
BU00140508,Winschoterdiep,WK001405,GM0014,Groningen,"1",NEE,"9723","1","883","4","106","140","105","35","3","12","50","31","3","47","46","6","1","30","72","14","14",1.400000000000000,"25","4","71","25","1","1","3","70","141","130","11",2023BU00140508,"2023",buurten.3fc24a9b-024f-460a-973d-2bd1b5a447cc,,,,,,,,,,,,,,,,,,,,,,,,,,,,,,,,,,,,,,,,,,,
BU00140509,Stainkoel'n,WK001405,GM0014,Groningen,"1",NEE,"9723","1","137","5","-99999999","0","0","0","-99999999","-99999999","-99999999","-99999999","-99999999","-99999999","-99999999","-99999999","-99999999","0","-99999999","-99999999","-99999999",-99999999.000000000000000,"-99999999","-99999999","-99999999","-99999999","-99999999","-99999999","-99999999","-99999999","91","87","4",2023BU00140509,"2023",buurten.a37101d9-8bf0-40bb-b243-46712a206170,,,,,,,,,,,,,,,,,,,,,,,,,,,,,,,,,,,,,,,,,,,
BU00140601,Coendersborg,WK001406,GM0014,Groningen,"1",NEE,"9722","1","2225","2","4244","3085","1440","1640","14","11","26","23","26","56","29","8","7","1550","50","26","24",1.900000000000000,"79","8","13","79","3","5","5","8","74","73","2",2023BU00140601,"2023",buurten.93a6ea49-13c3-418e-ab29-75356fa73069,,,,,,,,,,,,,,,,,,,,,,,,,,,,,,,,,,,,,,,,,,,
BU00140602,Klein Martijn,WK001406,GM0014,Groningen,"1",NEE,"9722","1","1496","3","2323","615","305","310","10","9","9","35","38","38","51","5","6","285","26","47","27",2.100000000000000,"86","7","8","86","4","3","3","4","26","26","0",2023BU00140602,"2023",buurten.72e6188f-7e4c-45a9-befb-2a417c987a54,,,,,,,,,,,,,,,,,,,,,,,,,,,,,,,,,,,,,,,,,,,
BU00140603,Villabuurt,WK001406,GM0014,Groningen,"1",NEE,"9722","5","2170","2","1502","975","470","505","17","8","12","26","36","41","47","5","7","440","35","38","27",2.200000000000000,"81","9","10","81","4","5","4","5","65","65","0",2023BU00140603,"2023",buurten.058b2de4-9025-41d6-8dbe-258ca939896e,,,,,,,,,,,,,,,,,,,,,,,,,,,,,,,,,,,,,,,,,,,
BU00140700,Corpus den Hoorn,WK001407,GM0014,Groningen,"1",NEE,"9728","1","2769","1","4075","4450","2165","2285","9","15","34","21","20","65","20","9","6","2800","64","21","15",1.500000000000000,"71","9","21","71","3","8","6","12","114","109","4",2023BU00140700,"2023",buurten.64c71820-23df-4217-9ec9-184724eed07e,,,,,,,,,,,,,,,,,,,,,,,,,,,,,,,,,,,,,,,,,,,
BU00140703,Van Swieten,WK001407,GM0014,Groningen,"1",NEE,"9728","1","1390","3","130","50","50","0","-99999999","-99999999","-99999999","-99999999","-99999999","-99999999","-99999999","-99999999","-99999999","45","93","7","0",1.100000000000000,"-99999999","-99999999","-99999999","-99999999","-99999999","-99999999","-99999999","-99999999","37","37","0",2023BU00140703,"2023",buurten.d83a94f8-bb1e-41af-9072-c0e5f8acfef8,,,,,,,,,,,,,,,,,,,,,,,,,,,,,,,,,,,,,,,,,,,
BU00140800,Hoogkerk Dorp,WK001408,GM0014,Groningen,"1",NEE,"9745","1","707","4","1352","1765","890","880","13","13","24","29","21","53","34","8","5","880","42","28","30",2.000000000000000,"84","4","12","84","2","5","2","6","139","130","8",2023BU00140800,"2023",buurten.4b2380a2-9620-4728-94af-4e4ba6790bcb,,,,,,,,,,,,,,,,,,,,,,,,,,,,,,,,,,,,,,,,,,,
BU00140804,Zuidwending,WK001408,GM0014,Groningen,"1",NEE,"9745","1","227","5","26","40","25","15","-99999999","-99999999","-99999999","-99999999","-99999999","-99999999","-99999999","-99999999","-99999999","20","35","30","35",2.000000000000000,"-99999999","-99999999","-99999999","-99999999","-99999999","-99999999","-99999999","-99999999","163","155","8",2023BU00140804,"2023",buurten.78d4a200-7264-414d-9c19-cf2fc4cab184,,,,,,,,,,,,,,,,,,,,,,,,,,,,,,,,,,,,,,,,,,,
BU00140805,Leegkerk,WK001408,GM0014,Groningen,"1",NEE,"9746","1","209","5","21","65","35","30","18","9","12","37","24","54","34","6","6","25","19","38","42",2.600000000000000,"100","0","0","100","0","0","0","0","322","316","6",2023BU00140805,"2023",buurten.6a5a2e8b-583d-4c95-8c5d-4c90e3c549d9,,,,,,,,,,,,,,,,,,,,,,,,,,,,,,,,,,,,,,,,,,,
BU00140806,Gravenburg,WK001408,GM0014,Groningen,"1",NEE,"9746","1","477","5","1435","2165","1105","1060","21","17","19","37","6","55","40","4","1","715","10","26","65",3.000000000000000,"84","4","12","84","3","7","1","5","154","151","3",2023BU00140806,"2023",buurten.661d2971-c6d5-4f22-875b-ac75f8448191,,,,,,,,,,,,,,,,,,,,,,,,,,,,,,,,,,,,,,,,,,,
BU00140809,Bangeweer,WK001408,GM0014,Groningen,"3",NEE,"9744","1","517","4","1475","235","120","115","13","12","23","31","22","56","36","5","2","100","24","41","35",2.400000000000000,"93","5","2","93","3","1","2","1","16","16","0",2023BU00140809,"2023",buurten.7e597b77-f712-43b8-bc6f-92f2f40aa8bb,,,,,,,,,,,,,,,,,,,,,,,,,,,,,,,,,,,,,,,,,,,
BU00140810,De Buitenhof,WK001408,GM0014,Groningen,"1",NEE,"9727","1","398","5","4415","1565","770","795","19","16","16","35","14","56","38","4","2","555","13","32","55",2.800000000000000,"88","4","8","88","2","4","2","3","37","35","1",2023BU00140810,"2023",buurten.7be9553f-41ee-4ade-b853-f9a16c0f9c40,,,,,,,,,,,,,,,,,,,,,,,,,,,,,,,,,,,,,,,,,,,
BU00140812,De Kring,WK001408,GM0014,Groningen,"1",NEE,"9727","1","527","4","3632","335","165","175","23","12","26","25","13","74","15","7","4","150","37","20","43",2.300000000000000,"96","2","2","96","2","2","1","0","9","9","0",2023BU00140812,"2023",buurten.771ac6e1-f545-4eca-bc6b-4ac7d427ec00,,,,,,,,,,,,,,,,,,,,,,,,,,,,,,,,,,,,,,,,,,,
BU00140906,De Held,WK001409,GM0014,Groningen,"1",NEE,"9745","5","1412","3","2751","2480","1240","1245","16","13","21","33","16","50","41","6","4","1040","26","32","42",2.400000000000000,"82","5","13","82","3","7","2","6","98","90","7",2023BU00140906,"2023",buurten.186310f9-2dd7-4e47-b754-28e0734c5c9e,,,,,,,,,,,,,,,,,,,,,,,,,,,,,,,,,,,,,,,,,,,
BU00140907,Westpark,WK001409,GM0014,Groningen,"1",NEE,"9745","1","598","4","139","100","60","35","7","2","57","25","9","76","12","9","2","65","57","30","13",1.500000000000000,"82","6","11","82","2","5","4","6","82","70","12",2023BU00140907,"2023",buurten.3fd99781-00e3-449a-ba9e-319ee9d8515b,,,,,,,,,,,,,,,,,,,,,,,,,,,,,,,,,,,,,,,,,,,
BU00140908,De Suikerzijde-Noord,WK001409,GM0014,Groningen,"2",NEE,"9743","1","2079","2","767","400","190","210","2","77","19","2","0","95","5","0","0","370","97","2","2",1.100000000000000,"9","66","26","9","0","1","66","25","77","52","25",2023BU00140908,"2023",buurten.f05c6c32-75f8-4ac5-a26b-a7288ac5a110,,,,,,,,,,,,,,,,,,,,,,,,,,,,,,,,,,,,,,,,,,,
BU00140909,De Suikerzijde-Zuid,WK001409,GM0014,Groningen,"3",NEE,"9744","1","338","5","34","20","10","15","-99999999","-99999999","-99999999","-99999999","-99999999","-99999999","-99999999","-99999999","-99999999","10","54","23","23",1.700000000000000,"-99999999","-99999999","-99999999","-99999999","-99999999","-99999999","-99999999","-99999999","74","65","9",2023BU00140909,"2023",buurten.59559803-a4d6-40ad-a6b0-9998ac3f836d,,,,,,,,,,,,,,,,,,,,,,,,,,,,,,,,,,,,,,,,,,,
BU00141102,De Hunze,WK001411,GM0014,Groningen,"1",NEE,"9731","1","1638","2","4887","2380","1180","1200","15","9","23","33","20","49","42","7","3","1070","27","39","34",2.200000000000000,"82","6","11","82","3","7","3","5","50","49","1",2023BU00141102,"2023",buurten.9c3920df-0e12-4d20-bb94-c7372a89188b,,,,,,,,,,,,,,,,,,,,,,,,,,,,,,,,,,,,,,,,,,,
BU00141105,Het Witte Lam,WK001411,GM0014,Groningen,"1",NEE,"9738","1","1100","3","277","45","30","20","-99999999","-99999999","-99999999","-99999999","-99999999","-99999999","-99999999","-99999999","-99999999","30","64","18","18",1.700000000000000,"-99999999","-99999999","-99999999","-99999999","-99999999","-99999999","-99999999","-99999999","17","17","0",2023BU00141105,"2023",buurten.ac6819ff-32a5-47cf-9540-d7494161a817,,,,,,,,,,,,,,,,,,,,,,,,,,,,,,,,,,,,,,,,,,,
BU00141107,Hunzeboord,WK001411,GM0014,Groningen,"1",NEE,"9731","1","1519","2","-99999999","5","5","0","-99999999","-99999999","-99999999","-99999999","-99999999","-99999999","-99999999","-99999999","-99999999","0","-99999999","-99999999","-99999999",2.000000000000000,"-99999999","-99999999","-99999999","-99999999","-99999999","-99999999","-99999999","-99999999","23","23","0",2023BU00141107,"2023",buurten.5cb1c67b-9c8f-4117-b122-f9bcb4ce4203,,,,,,,,,,,,,,,,,,,,,,,,,,,,,,,,,,,,,,,,,,,
BU00141204,Ulgersmaborg,WK001412,GM0014,Groningen,"1",NEE,"9731","1","1680","2","2258","2265","1115","1155","19","11","27","26","16","54","38","5","3","960","25","33","42",2.400000000000000,"80","7","13","80","3","8","4","5","105","100","4",2023BU00141204,"2023",buurten.ef5bdbc2-7e20-4550-8206-842ad17d098e,,,,,,,,,,,,,,,,,,,,,,,,,,,,,,,,,,,,,,,,,,,
BU00141205,Hunzepark,WK001412,GM0014,Groningen,"1",NEE,"9735","1","1170","3","-99999999","0","0","0","-99999999","-99999999","-99999999","-99999999","-99999999","-99999999","-99999999","-99999999","-99999999","0","-99999999","-99999999","-99999999",-99999999.000000000000000,"-99999999","-99999999","-99999999","-99999999","-99999999","-99999999","-99999999","-99999999","7","7","0",2023BU00141205,"2023",buurten.97132bef-4888-45eb-9e63-5eecbe890fdc,,,,,,,,,,,,,,,,,,,,,,,,,,,,,,,,,,,,,,,,,,,
BU00141210,Ruischerbrug,WK001412,GM0014,Groningen,"1",NEE,"9734","1","1065","3","2448","470","220","250","15","8","23","28","26","43","42","6","9","225","36","35","29",2.100000000000000,"84","6","10","84","3","6","3","4","26","19","7",2023BU00141210,"2023",buurten.c4844d5a-d6e1-4555-9221-f6e7859630ce,,,,,,,,,,,,,,,,,,,,,,,,,,,,,,,,,,,,,,,,,,,
BU00141211,Ruischerwaard,WK001412,GM0014,Groningen,"1",NEE,"9734","1","1214","3","5598","1255","615","635","18","11","29","31","12","56","37","5","1","510","20","35","45",2.500000000000000,"85","5","10","85","2","5","2","5","28","22","6",2023BU00141211,"2023",buurten.349e1c4d-cec0-4fcf-8f25-aa28a4fe23e9,,,,,,,,,,,,,,,,,,,,,,,,,,,,,,,,,,,,,,,,,,,
BU00141300,Middelbert,WK001413,GM0014,Groningen,"1",NEE,"9723","1","209","5","35","110","50","55","20","9","19","28","24","55","40","4","2","40","33","24","43",2.500000000000000,"83","5","12","83","1","10","5","2","342","310","31",2023BU00141300,"2023",buurten.a5b47d45-6b58-403c-a359-c22378523a49,,,,,,,,,,,,,,,,,,,,,,,,,,,,,,,,,,,,,,,,,,,
BU00141302,Klein Harkstede,WK001413,GM0014,Groningen,"1",NEE,"9723","1","342","5","514","80","35","45","17","7","12","38","25","42","52","4","2","35","20","51","29",2.300000000000000,"91","5","4","91","4","1","1","2","19","16","3",2023BU00141302,"2023",buurten.27227c7f-c6aa-4ff4-80f6-e3bfc4a6845f,,,,,,,,,,,,,,,,,,,,,,,,,,,,,,,,,,,,,,,,,,,
BU00141400,Meeroevers,WK001414,GM0014,Groningen,"1",NEE,"9613","1","232","5","3649","1665","840","830","35","5","40","17","3","60","36","4","0","515","6","24","70",3.200000000000000,"86","5","9","86","4","6","2","3","85","46","39",2023BU00141400,"2023",buurten.0f1ca71b-c540-47b8-a157-3e874872ca27,,,,,,,,,,,,,,,,,,,,,,,,,,,,,,,,,,,,,,,,,,,
BU00141403,Groenewei,WK001414,GM0014,Groningen,"1",NEE,"9613","1","302","5","1303","455","225","230","28","4","50","13","6","57","41","2","1","165","10","38","53",2.700000000000000,"82","5","13","82","3","7","2","6","40","35","5",2023BU00141403,"2023",buurten.0c569138-a56e-4d43-b226-2b886cf0788e,,,,,,,,,,,,,,,,,,,,,,,,,,,,,,,,,,,,,,,,,,,
BU00141404,Tersluis,WK001414,GM0014,Groningen,"1",NEE,"9613","1","233","5","2840","1135","585","550","35","6","40","16","3","62","35","3","0","345","6","23","71",3.300000000000000,"87","3","9","87","2","7","1","3","59","40","19",2023BU00141404,"2023",buurten.cc021818-c45d-4a8e-8666-e442cb7a28d8,,,,,,,,,,,,,,,,,,,,,,,,,,,,,,,,,,,,,,,,,,,
BU00141405,De Zeilen,WK001414,GM0014,Groningen,"1",NEE,"9613","1","162","5","328","260","135","130","25","10","36","26","2","57","39","3","0","85","3","40","57",3.000000000000000,"85","3","13","85","2","9","1","3","107","79","28",2023BU00141405,"2023",buurten.c4c0a774-1c65-4581-8ca0-c68f955f57b6,,,,,,,,,,,,,,,,,,,,,,,,,,,,,,,,,,,,,,,,,,,
BU00141406,De Wierden,WK001414,GM0014,Groningen,"1",NEE,"9613","1","174","5","-99999999","0","0","0","-99999999","-99999999","-99999999","-99999999","-99999999","-99999999","-99999999","-99999999","-99999999","0","-99999999","-99999999","-99999999",-99999999.000000000000000,"-99999999","-99999999","-99999999","-99999999","-99999999","-99999999","-99999999","-99999999","59","52","7",2023BU00141406,"2023",buurten.1427e48d-6cb6-4932-9f6c-2efbf005ebef,,,,,,,,,,,,,,,,,,,,,,,,,,,,,,,,,,,,,,,,,,,
BU00141502,Garmerwolde,WK001415,GM0014,Groningen,"1",NEE,"9798","1","82","5","89","510","260","250","12","10","18","34","26","40","49","7","5","225","26","43","31",2.200000000000000,"93","3","5","93","2","3","1","1","586","575","11",2023BU00141502,"2023",buurten.ba11961f-8c95-42bf-aa7b-4c88fad846f3,,,,,,,,,,,,,,,,,,,,,,,,,,,,,,,,,,,,,,,,,,,
BU00141503,Thesinge,WK001415,GM0014,Groningen,"1",NEE,"9797","1","56","5","55","555","275","280","17","11","14","34","24","48","46","5","2","230","21","42","37",2.400000000000000,"94","2","4","94","1","2","1","2","1013","1008","5",2023BU00141503,"2023",buurten.b73e2092-6953-4d12-b227-23a082df4de6,,,,,,,,,,,,,,,,,,,,,,,,,,,,,,,,,,,,,,,,,,,
BU00141504,Sint Annen,WK001415,GM0014,Groningen,"1",NEE,"9796","1","19","5","40","185","95","85","16","15","17","31","21","43","49","6","2","75","31","36","33",2.400000000000000,"93","2","5","93","2","3","1","2","461","460","1",2023BU00141504,"2023",buurten.2c76b4f9-a9a9-42c0-9e08-e9869704e78c,,,,,,,,,,,,,,,,,,,,,,,,,,,,,,,,,,,,,,,,,,,
BU00141505,Buitengebied Ten Boer-Noord,WK001415,GM0014,Groningen,"1",NEE,"9791","1","414","5","41","80","45","35","14","17","20","35","15","42","49","7","1","35","16","28","56",2.500000000000000,"90","1","9","90","1","4","0","5","198","197","1",2023BU00141505,"2023",buurten.93f0ff6e-6308-4994-adea-ba0e050821d5,,,,,,,,,,,,,,,,,,,,,,,,,,,,,,,,,,,,,,,,,,,
BU00141603,Winneweer,WK001416,GM0014,Groningen,"1",NEE,"9793","1","43","5","138","105","55","45","13","7","23","33","24","44","48","5","4","45","26","43","30",2.200000000000000,"95","3","2","95","2","2","1","0","77","75","3",2023BU00141603,"2023",buurten.e613d30d-9fb9-44e8-8147-7aee8c050c0e,,,,,,,,,,,,,,,,,,,,,,,,,,,,,,,,,,,,,,,,,,,
BU00141604,Wittewierum,WK001416,GM0014,Groningen,"1",NEE,"9792","1","18","5","91","65","35","30","5","15","17","39","24","39","48","3","9","30","30","33","37",2.200000000000000,"94","2","5","94","0","2","2","3","72","72","0",2023BU00141604,"2023",buurten.b131749c-8a2a-48b8-8a66-7356bba09691,,,,,,,,,,,,,,,,,,,,,,,,,,,,,,,,,,,,,,,,,,,
BU00141700,Haren-Centrum,WK001417,GM0014,Groningen,"1",NEE,"9752","4","1349","3","4028","1160","540","620","11","9","24","21","35","46","34","10","10","655","54","29","16",1.700000000000000,"80","8","12","80","3","4","5","7","29","29","0",2023BU00141700,"2023",buurten.8a503e5c-c45a-4cc9-a9e7-ba8cc23d58b8,,,,,,,,,,,,,,,,,,,,,,,,,,,,,,,,,,,,,,,,,,,
BU00141701,Haren-Zuidwest,WK001417,GM0014,Groningen,"1",NEE,"9752","1","982","4","2803","3935","1795","2145","16","8","17","24","35","42","39","8","10","1920","45","28","27",2.000000000000000,"79","11","10","79","3","4","7","6","141","140","1",2023BU00141701,"2023",buurten.54ccb701-900e-41da-b602-cb8fb8b8ccb9,,,,,,,,,,,,,,,,,,,,,,,,,,,,,,,,,,,,,,,,,,,
BU00141702,Haren-Zuidoost,WK001417,GM0014,Groningen,"1",NEE,"9751","1","1286","3","2107","3610","1745","1865","17","10","20","28","26","47","38","10","5","1710","41","28","31",2.100000000000000,"85","6","9","85","3","4","3","4","172","171","1",2023BU00141702,"2023",buurten.2de469ed-2b43-4af2-a8eb-1c88a1c7bbb8,,,,,,,,,,,,,,,,,,,,,,,,,,,,,,,,,,,,,,,,,,,
BU00141703,Haren-Noord,WK001417,GM0014,Groningen,"1",NEE,"9751","2","821","4","1962","3910","1885","2020","25","8","24","20","23","53","34","5","8","1440","33","22","44",2.500000000000000,"85","6","9","85","3","5","3","4","199","199","0",2023BU00141703,"2023",buurten.c672ee70-c619-45be-bb8f-6f6900689570,,,,,,,,,,,,,,,,,,,,,,,,,,,,,,,,,,,,,,,,,,,
BU00141704,Essen,WK001417,GM0014,Groningen,"1",NEE,"9751","1","551","4","109","95","50","45","15","10","13","34","28","52","42","2","4","40","23","41","36",2.400000000000000,"88","5","6","88","0","4","5","2","86","86","0",2023BU00141704,"2023",buurten.e7e24d5a-1d89-44d6-9871-a70dbd76cc7e,,,,,,,,,,,,,,,,,,,,,,,,,,,,,,,,,,,,,,,,,,,
BU00141705,Buitengebied Haren-Noordwest,WK001417,GM0014,Groningen,"1",NEE,"9752","1","516","4","13","15","5","5","-99999999","-99999999","-99999999","-99999999","-99999999","-99999999","-99999999","-99999999","-99999999","5","-99999999","-99999999","-99999999",2.600000000000000,"-99999999","-99999999","-99999999","-99999999","-99999999","-99999999","-99999999","-99999999","101","98","3",2023BU00141705,"2023",buurten.3ca3f3a1-8065-4e87-b755-aafce8edb784,,,,,,,,,,,,,,,,,,,,,,,,,,,,,,,,,,,,,,,,,,,
BU00141706,Nesciopark,WK001417,GM0014,Groningen,"1",NEE,"9752","1","956","4","785","35","20","15","-99999999","-99999999","-99999999","-99999999","-99999999","-99999999","-99999999","-99999999","-99999999","5","-99999999","-99999999","-99999999",4.500000000000000,"-99999999","-99999999","-99999999","-99999999","-99999999","-99999999","-99999999","-99999999","5","5","0",2023BU00141706,"2023",buurten.7d94f1af-4378-4658-898a-7d0502e04163,,,,,,,,,,,,,,,,,,,,,,,,,,,,,,,,,,,,,,,,,,,
BU00141708,Buitengebied Haren-Zuidoost,WK001417,GM0014,Groningen,"1",NEE,"9751","5","145","5","294","380","185","195","15","12","13","35","26","48","41","7","4","160","23","36","41",2.400000000000000,"85","6","9","85","2","5","4","4","130","130","0",2023BU00141708,"2023",buurten.676a7062-be75-4631-8a3c-24bfb6887c0a,,,,,,,,,,,,,,,,,,,,,,,,,,,,,,,,,,,,,,,,,,,
BU00141709,Wolddeelen,WK001417,GM0014,Groningen,"1",NEE,"9752","1","367","5","-99999999","0","0","0","-99999999","-99999999","-99999999","-99999999","-99999999","-99999999","-99999999","-99999999","-99999999","0","-99999999","-99999999","-99999999",-99999999.000000000000000,"-99999999","-99999999","-99999999","-99999999","-99999999","-99999999","-99999999","-99999999","176","136","41",2023BU00141709,"2023",buurten.fd053bac-2312-45ed-bd58-eea68acbbf26,,,,,,,,,,,,,,,,,,,,,,,,,,,,,,,,,,,,,,,,,,,
BU00141800,Oosterhaar,WK001418,GM0014,Groningen,"1",NEE,"9753","1","987","4","3870","4265","2070","2200","17","11","20","30","22","47","41","8","4","1870","33","31","36",2.200000000000000,"85","5","11","85","2","5","3","6","111","110","0",2023BU00141800,"2023",buurten.4565b350-9091-4c80-a9b5-43ad9e36815b,,,,,,,,,,,,,,,,,,,,,,,,,,,,,,,,,,,,,,,,,,,
BU00141801,Tuindorp,WK001418,GM0014,Groningen,"1",NEE,"9753","1","982","4","4451","775","365","410","15","11","22","31","21","45","41","10","4","345","29","34","37",2.200000000000000,"83","7","10","83","3","4","4","6","17","17","0",2023BU00141801,"2023",buurten.77279326-e051-4a7e-88e7-737dd729e151,,,,,,,,,,,,,,,,,,,,,,,,,,,,,,,,,,,,,,,,,,,
BU00141802,Felland,WK001418,GM0014,Groningen,"1",NEE,"9753","1","631","4","111","30","15","15","-99999999","-99999999","-99999999","-99999999","-99999999","-99999999","-99999999","-99999999","-99999999","10","18","45","36",2.500000000000000,"-99999999","-99999999","-99999999","-99999999","-99999999","-99999999","-99999999","-99999999","25","25","0",2023BU00141802,"2023",buurten.4c2f6f6b-b288-4fa7-9592-fcd74953e65f,,,,,,,,,,,,,,,,,,,,,,,,,,,,,,,,,,,,,,,,,,,
BU00141901,Onnen Dorp,WK001419,GM0014,Groningen,"1",NEE,"9755","1","89","5","1121","435","210","225","15","11","15","38","21","41","49","7","4","175","23","39","38",2.500000000000000,"93","3","4","93","1","3","2","1","39","39","0",2023BU00141901,"2023",buurten.48596163-b49c-4232-ab7b-59be138e9d98,,,,,,,,,,,,,,,,,,,,,,,,,,,,,,,,,,,,,,,,,,,
BU00141902,Noordlaren Dorp,WK001419,GM0014,Groningen,"1",NEE,"9479","1","90","5","761","365","185","180","14","7","13","35","31","39","48","9","4","170","28","43","29",2.200000000000000,"90","5","5","90","2","3","3","3","48","48","0",2023BU00141902,"2023",buurten.fe7fd34c-789f-4985-8040-26cee7dc121d,,,,,,,,,,,,,,,,,,,,,,,,,,,,,,,,,,,,,,,,,,,
BU00141908,Appelbergen Glimmen,WK001419,GM0014,Groningen,"1",NEE,"9756","1","123","5","-99999999","0","0","0","-99999999","-99999999","-99999999","-99999999","-99999999","-99999999","-99999999","-99999999","-99999999","0","-99999999","-99999999","-99999999",-99999999.000000000000000,"-99999999","-99999999","-99999999","-99999999","-99999999","-99999999","-99999999","-99999999","33","33","0",2023BU00141908,"2023",buurten.c4d033dd-453d-4430-955a-613f68d598e4,,,,,,,,,,,,,,,,,,,,,,,,,,,,,,,,,,,,,,,,,,,
BU00141909,Appelbergen Onnen,WK001419,GM0014,Groningen,"1",NEE,"-99999999","-99999999","-99999999","-99999999","-99999999","0","0","0","-99999999","-99999999","-99999999","-99999999","-99999999","-99999999","-99999999","-99999999","-99999999","0","-99999999","-99999999","-99999999",-99999999.000000000000000,"-99999999","-99999999","-99999999","-99999999","-99999999","-99999999","-99999999","-99999999","12","12","0",2023BU00141909,"2023",buurten.f3ffe0cf-c04e-4408-9769-56140a4afca8,,,,,,,,,,,,,,,,,,,,,,,,,,,,,,,,,,,,,,,,,,,
BU00341003,Cirkelbos,WK003410,GM0034,Almere,"1",NEE,"1358","1","5","5","-99999999","0","0","0","-99999999","-99999999","-99999999","-99999999","-99999999","-99999999","-99999999","-99999999","-99999999","0","-99999999","-99999999","-99999999",-99999999.000000000000000,"-99999999","-99999999","-99999999","-99999999","-99999999","-99999999","-99999999","-99999999","227","225","2",2023BU00341003,"2023",buurten.a81dde5e-17f9-45a9-a3f3-1be8d415f98d,,,,,,,,,,,,,,,,,,,,,,,,,,,,,,,,,,,,,,,,,,,
BU00343102,Noorderplassen W.- Noord,WK003431,GM0034,Almere,"1",NEE,"1319","1","445","5","2071","1265","650","610","30","11","34","24","2","60","35","5","0","415","15","16","69",3.100000000000000,"66","6","28","66","3","17","3","11","68","61","6",2023BU00343102,"2023",buurten.5a8b7382-6048-45ed-9ac1-0f899ed07894,,,,,,,,,,,,,,,,,,,,,,,,,,,,,,,,,,,,,,,,,,,
BU00343103,Noorderplassen W.-Oost,WK003431,GM0034,Almere,"1",NEE,"1319","1","651","4","6457","2185","1135","1045","24","12","31","25","8","58","35","6","2","815","25","22","53",2.700000000000000,"52","9","39","52","4","21","5","18","53","34","19",2023BU00343103,"2023",buurten.eaaddbea-4405-4b52-a57d-09dd6d276967,,,,,,,,,,,,,,,,,,,,,,,,,,,,,,,,,,,,,,,,,,,
BU00343105,Noorderplassen W.-West,WK003431,GM0034,Almere,"1",NEE,"1319","1","623","4","2452","1640","830","810","31","9","33","22","4","57","39","3","0","505","9","19","72",3.200000000000000,"61","7","31","61","4","19","4","12","69","67","2",2023BU00343105,"2023",buurten.08427ff6-4997-4c80-a387-22d3373f44d3,,,,,,,,,,,,,,,,,,,,,,,,,,,,,,,,,,,,,,,,,,,
BU00346001,Europakwartier Oost (brt),WK003460,GM0034,Almere,"1",NEE,"1362","1","1473","3","1564","470","220","250","34","15","43","8","0","78","17","5","0","195","39","14","47",2.400000000000000,"35","5","60","35","3","43","2","17","30","30","0",2023BU00346001,"2023",buurten.65933e5c-db52-4917-818e-3e83124ed0db,,,,,,,,,,,,,,,,,,,,,,,,,,,,,,,,,,,,,,,,,,,
BU00346101,Europakwartier W.-Noord,WK003461,GM0034,Almere,"1",NEE,"1363","1","1837","2","10540","2535","1245","1290","21","8","51","15","5","67","26","6","1","1245","48","20","32",2.000000000000000,"35","11","54","35","3","28","8","26","26","24","2",2023BU00346101,"2023",buurten.ef910e88-5fcb-44ce-ab6e-8143c259e8bd,,,,,,,,,,,,,,,,,,,,,,,,,,,,,,,,,,,,,,,,,,,
BU00346102,Europakwartier W.-Zuid,WK003461,GM0034,Almere,"1",NEE,"1363","1","1820","2","9802","1075","530","545","24","10","44","18","4","68","23","8","1","495","42","16","42",2.100000000000000,"32","8","59","32","3","29","6","30","12","11","1",2023BU00346102,"2023",buurten.b1a79bc7-1494-49af-abad-a50254d14bb6,,,,,,,,,,,,,,,,,,,,,,,,,,,,,,,,,,,,,,,,,,,
BU00346103,Europakwartier W.-West,WK003461,GM0034,Almere,"1",NEE,"1363","1","1764","2","9952","1205","555","645","15","8","45","20","12","61","30","8","1","650","42","33","26",1.800000000000000,"46","9","45","46","3","25","6","21","13","12","1",2023BU00346103,"2023",buurten.8d0e19ba-6100-49d8-8d8d-6e39f355a0d0,,,,,,,,,,,,,,,,,,,,,,,,,,,,,,,,,,,,,,,,,,,
BU00346201,Columbuskwartier Noord,WK003462,GM0034,Almere,"1",NEE,"1363","1","1399","3","5428","1890","935","955","25","10","37","19","9","60","31","7","1","800","35","21","44",2.400000000000000,"40","8","53","40","3","29","5","23","36","35","1",2023BU00346201,"2023",buurten.48e78fc6-698b-473b-8fa2-21999541f81a,,,,,,,,,,,,,,,,,,,,,,,,,,,,,,,,,,,,,,,,,,,
BU00346202,Columbuskwartier Zuid,WK003462,GM0034,Almere,"1",NEE,"1363","1","1915","2","4650","1270","640","635","23","10","37","23","7","58","36","6","1","530","29","25","46",2.400000000000000,"40","10","50","40","4","27","6","24","27","27","0",2023BU00346202,"2023",buurten.ed360c3b-b4fa-44f3-977f-38056546634b,,,,,,,,,,,,,,,,,,,,,,,,,,,,,,,,,,,,,,,,,,,
BU00346301,Homeruskwartier Noord,WK003463,GM0034,Almere,"1",NEE,"1363","1","1497","3","6888","1525","770","755","28","11","38","19","5","60","35","5","1","540","24","19","57",2.800000000000000,"43","8","49","43","3","29","5","20","22","22","0",2023BU00346301,"2023",buurten.d678e18c-ad85-4a3c-94c2-fd41be33b04f,,,,,,,,,,,,,,,,,,,,,,,,,,,,,,,,,,,,,,,,,,,
BU00346302,Homeruskwartier Midden,WK003463,GM0034,Almere,"1",NEE,"1363","1","1412","3","6704","2545","1295","1250","26","11","41","18","4","65","29","5","1","1045","34","19","47",2.400000000000000,"36","10","54","36","3","31","7","23","39","38","1",2023BU00346302,"2023",buurten.1ea6ed10-d484-49f3-b32f-f5b7f1bd86b8,,,,,,,,,,,,,,,,,,,,,,,,,,,,,,,,,,,,,,,,,,,
BU00346303,Homeruskwartier Oost,WK003463,GM0034,Almere,"1",NEE,"1363","1","1187","3","7247","1405","710","695","34","7","43","14","2","61","34","4","0","480","18","16","65",3.000000000000000,"42","7","51","42","3","30","3","21","21","19","1",2023BU00346303,"2023",buurten.e0f19fc1-40db-4efb-af60-9c32c47255ed,,,,,,,,,,,,,,,,,,,,,,,,,,,,,,,,,,,,,,,,,,,
BU00346304,Homeruskwartier Zuid,WK003463,GM0034,Almere,"1",NEE,"1363","1","1837","2","10244","2420","1185","1230","26","10","44","16","4","65","26","8","1","1060","36","19","45",2.300000000000000,"36","10","54","36","3","31","7","23","26","24","3",2023BU00346304,"2023",buurten.da808f80-187e-44c3-b0f2-dfd805f2c423,,,,,,,,,,,,,,,,,,,,,,,,,,,,,,,,,,,,,,,,,,,
BU00346401,Olympiakwartier Oost (brt),WK003464,GM0034,Almere,"1",NEE,"1362","2","1003","3","-99999999","0","0","0","-99999999","-99999999","-99999999","-99999999","-99999999","-99999999","-99999999","-99999999","-99999999","0","-99999999","-99999999","-99999999",-99999999.000000000000000,"-99999999","-99999999","-99999999","-99999999","-99999999","-99999999","-99999999","-99999999","40","40","0",2023BU00346401,"2023",buurten.656f6a93-9855-4b09-96d2-d93a238d2fcd,,,,,,,,,,,,,,,,,,,,,,,,,,,,,,,,,,,,,,,,,,,
BU00346501,Olympiakwartier West (brt),WK003465,GM0034,Almere,"1",NEE,"1361","1","1278","3","7023","1320","620","700","31","10","46","11","2","67","27","5","0","515","25","22","54",2.600000000000000,"39","6","55","39","3","35","3","20","19","19","0",2023BU00346501,"2023",buurten.69ad89ae-bbdd-4801-9eca-ec9d715b2968,,,,,,,,,,,,,,,,,,,,,,,,,,,,,,,,,,,,,,,,,,,
BU00346601,Duin Noord,WK003466,GM0034,Almere,"1",NEE,"1361","1","1421","3","1854","1255","615","640","30","7","41","19","3","62","33","5","0","470","25","16","59",2.700000000000000,"55","8","37","55","4","25","4","12","68","68","0",2023BU00346601,"2023",buurten.8fa830a7-d37b-4a2b-9899-03a46e379f2c,,,,,,,,,,,,,,,,,,,,,,,,,,,,,,,,,,,,,,,,,,,
BU00347201,Middenkant (brt),WK003472,GM0034,Almere,"1",NEE,"1362","1","1096","3","-99999999","0","0","5","-99999999","-99999999","-99999999","-99999999","-99999999","-99999999","-99999999","-99999999","-99999999","5","-99999999","-99999999","-99999999",4.000000000000000,"-99999999","-99999999","-99999999","-99999999","-99999999","-99999999","-99999999","-99999999","49","48","1",2023BU00347201,"2023",buurten.1419b7f8-78fe-41d4-b5fc-b9bbcb0e5f12,,,,,,,,,,,,,,,,,,,,,,,,,,,,,,,,,,,,,,,,,,,
BU00347301,Lagekant (brt),WK003473,GM0034,Almere,"1",NEE,"1362","1","638","4","-99999999","0","0","0","-99999999","-99999999","-99999999","-99999999","-99999999","-99999999","-99999999","-99999999","-99999999","0","-99999999","-99999999","-99999999",-99999999.000000000000000,"-99999999","-99999999","-99999999","-99999999","-99999999","-99999999","-99999999","-99999999","19","19","0",2023BU00347301,"2023",buurten.1f99cdc8-13ae-4a3a-a654-88a9d91248bb,,,,,,,,,,,,,,,,,,,,,,,,,,,,,,,,,,,,,,,,,,,
BU00370100,Stadskanaal Centrum,WK003701,GM0037,Stadskanaal,"1",NEE,"9501","1","1594","2","2349","1470","610","855","4","6","10","19","60","26","44","9","21","955","58","33","9",1.500000000000000,"86","10","4","86","3","2","7","2","66","63","3",2023BU00370100,"2023",buurten.5d3906bf-4486-4670-99ab-7afe9df33341,,,,,,,,,,,,,,,,,,,,,,,,,,,,,,,,,,,,,,,,,,,
BU00370101,Maarsstee,WK003701,GM0037,Stadskanaal,"1",NEE,"9501","2","1791","2","4522","1170","530","635","14","8","21","24","32","44","30","16","10","665","54","24","22",1.800000000000000,"78","5","17","78","3","6","3","11","26","26","0",2023BU00370101,"2023",buurten.1979d608-e4b7-4cfd-a0b3-5e85b145cf59,,,,,,,,,,,,,,,,,,,,,,,,,,,,,,,,,,,,,,,,,,,
BU00370102,Maarswold,WK003701,GM0037,Stadskanaal,"1",NEE,"9501","1","1583","2","4331","2130","925","1205","15","9","19","21","35","43","29","12","16","1045","49","24","28",1.900000000000000,"82","5","13","82","3","4","2","8","50","49","1",2023BU00370102,"2023",buurten.8db73ec6-18cb-4963-bfb0-b0d09e53c1e6,,,,,,,,,,,,,,,,,,,,,,,,,,,,,,,,,,,,,,,,,,,
BU00370103,Maarsveld,WK003701,GM0037,Stadskanaal,"1",NEE,"9502","1","928","4","1392","2655","1275","1380","15","13","22","29","22","45","40","10","5","1230","35","31","34",2.200000000000000,"88","5","7","88","2","3","3","4","211","191","21",2023BU00370103,"2023",buurten.1068efb1-ae70-4978-979a-9aa7c58ad834,,,,,,,,,,,,,,,,,,,,,,,,,,,,,,,,,,,,,,,,,,,
BU00370104,De Hagen,WK003701,GM0037,Stadskanaal,"1",NEE,"9501","1","1294","3","4469","1220","595","625","15","10","21","27","27","42","39","12","7","600","44","27","29",2.000000000000000,"89","4","6","89","3","3","2","3","27","27","0",2023BU00370104,"2023",buurten.94931213-3462-44ac-bdc2-0545496a3bc0,,,,,,,,,,,,,,,,,,,,,,,,,,,,,,,,,,,,,,,,,,,
BU00370105,Vogelwijk en De Borgen,WK003701,GM0037,Stadskanaal,"1",NEE,"9502","1","859","4","2508","2365","1170","1190","14","9","20","32","24","39","48","7","5","1095","33","36","31",2.200000000000000,"93","3","4","93","2","2","1","2","97","94","3",2023BU00370105,"2023",buurten.01ebf246-771f-4797-bb49-f28464126ad4,,,,,,,,,,,,,,,,,,,,,,,,,,,,,,,,,,,,,,,,,,,
BU00370106,Industriegebied Vleddermond,WK003701,GM0037,Stadskanaal,"1",NEE,"9502","1","429","5","153","360","190","175","18","12","24","30","16","46","44","7","3","155","26","38","36",2.400000000000000,"91","2","8","91","1","4","1","3","244","235","9",2023BU00370106,"2023",buurten.1d3c007b-4cea-420a-a835-337076a22336,,,,,,,,,,,,,,,,,,,,,,,,,,,,,,,,,,,,,,,,,,,
BU00370110,Stadskanaal Noord Centrum,WK003701,GM0037,Stadskanaal,"1",NEE,"9501","1","431","5","455","1570","805","760","16","11","26","28","19","50","37","9","4","735","38","30","32",2.100000000000000,"87","5","8","87","2","3","3","5","368","345","23",2023BU00370110,"2023",buurten.162e241a-0ac5-4248-a93e-9ced8c76d5ce,,,,,,,,,,,,,,,,,,,,,,,,,,,,,,,,,,,,,,,,,,,
BU00370112,Waterland,WK003701,GM0037,Stadskanaal,"1",NEE,"9501","1","1104","3","2589","1240","635","610","15","15","15","36","18","40","52","4","4","450","12","38","50",2.700000000000000,"93","4","4","93","2","2","2","1","55","48","7",2023BU00370112,"2023",buurten.33da8109-2948-495d-819c-09575c95fc9a,,,,,,,,,,,,,,,,,,,,,,,,,,,,,,,,,,,,,,,,,,,
BU00370203,Ceresdorp,WK003702,GM0037,Stadskanaal,"1",NEE,"9581","1","231","5","231","930","495","435","16","11","27","30","16","50","38","9","3","405","31","33","36",2.300000000000000,"92","4","3","92","2","1","2","2","407","402","5",2023BU00370203,"2023",buurten.0aa8d7c7-1095-4aac-8fad-0f9e696a0f02,,,,,,,,,,,,,,,,,,,,,,,,,,,,,,,,,,,,,,,,,,,
BU00370300,Onstwedde,WK003703,GM0037,Stadskanaal,"1",NEE,"9591","1","261","5","805","1985","960","1025","16","11","18","28","27","39","46","7","8","860","34","33","33",2.200000000000000,"95","3","2","95","1","1","1","2","247","247","1",2023BU00370300,"2023",buurten.eacc8db1-c157-4497-9d12-956dbd98196c,,,,,,,,,,,,,,,,,,,,,,,,,,,,,,,,,,,,,,,,,,,
BU00370301,Holte,WK003703,GM0037,Stadskanaal,"1",NEE,"9591","1","29","5","1109","135","65","70","19","13","26","26","16","46","45","8","2","45","11","49","40",2.800000000000000,"95","4","2","95","2","1","2","1","12","12","0",2023BU00370301,"2023",buurten.aae4ad81-1e41-4833-97f2-db571efe26f2,,,,,,,,,,,,,,,,,,,,,,,,,,,,,,,,,,,,,,,,,,,
BU00370400,Mussel,WK003704,GM0037,Stadskanaal,"1",NEE,"9584","1","90","5","290","985","515","475","20","13","22","28","17","43","49","4","4","370","23","37","40",2.600000000000000,"95","1","5","95","1","2","0","3","341","341","1",2023BU00370400,"2023",buurten.139abfc6-1ae0-46a0-ac1a-36cb9ce81653,,,,,,,,,,,,,,,,,,,,,,,,,,,,,,,,,,,,,,,,,,,
BU00370402,Vledderveen,WK003704,GM0037,Stadskanaal,"1",NEE,"9585","1","21","5","105","300","150","145","14","9","18","35","24","41","50","5","4","120","20","45","35",2.500000000000000,"92","4","4","92","3","2","1","2","284","284","0",2023BU00370402,"2023",buurten.a4e8f48c-5cfc-4b4e-a3f9-97102c343d46,,,,,,,,,,,,,,,,,,,,,,,,,,,,,,,,,,,,,,,,,,,
BU00370500,Alteveer,WK003705,GM0037,Stadskanaal,"1",NEE,"9661","1","102","5","417","910","475","430","14","13","21","31","20","43","42","9","7","400","29","34","37",2.300000000000000,"93","4","3","93","3","1","1","2","219","218","1",2023BU00370500,"2023",buurten.b80e484e-997e-45db-a418-43ace22097cc,,,,,,,,,,,,,,,,,,,,,,,,,,,,,,,,,,,,,,,,,,,
BU00720007,Industriehaven en omgeving,WK007200,GM0072,Harlingen,"1",NEE,"8861","1","128","5","-99999999","0","0","0","-99999999","-99999999","-99999999","-99999999","-99999999","-99999999","-99999999","-99999999","-99999999","0","-99999999","-99999999","-99999999",-99999999.000000000000000,"-99999999","-99999999","-99999999","-99999999","-99999999","-99999999","-99999999","-99999999","39","39","0",2023BU00720007,"2023",buurten.cc80ab56-c891-48ec-955d-12876841bc23,,,,,,,,,,,,,,,,,,,,,,,,,,,,,,,,,,,,,,,,,,,
BU01060000,Brinkkwartier,WK010600,GM0106,Assen,"3",NEE,"9401","1","2570","1","4967","380","215","160","4","31","32","17","15","69","14","12","5","290","77","15","8",1.300000000000000,"64","11","25","64","2","9","9","17","8","8","0",2023BU01060000,"2023",buurten.208499cf-775e-480c-80a1-03476a7517cb,,,,,,,,,,,,,,,,,,,,,,,,,,,,,,,,,,,,,,,,,,,
BU01060001,Erfgoedkwartier,WK010600,GM0106,Assen,"3",NEE,"9401","1","2474","2","541","30","20","15","-99999999","-99999999","-99999999","-99999999","-99999999","-99999999","-99999999","-99999999","-99999999","15","59","24","18",1.800000000000000,"-99999999","-99999999","-99999999","-99999999","-99999999","-99999999","-99999999","-99999999","6","6","0",2023BU01060001,"2023",buurten.a91578b8-c529-497e-8349-7e7973a4db1a,,,,,,,,,,,,,,,,,,,,,,,,,,,,,,,,,,,,,,,,,,,
BU01060002,Overcingel,WK010600,GM0106,Assen,"3",NEE,"9401","1","2500","1","2217","440","190","250","4","4","8","20","65","20","48","14","18","285","55","38","7",1.500000000000000,"88","4","8","88","3","4","1","4","20","20","0",2023BU01060002,"2023",buurten.62232dee-42f9-4345-9bb3-d713c4a76dba,,,,,,,,,,,,,,,,,,,,,,,,,,,,,,,,,,,,,,,,,,,
BU01060003,Oranjebuurt,WK010600,GM0106,Assen,"3",NEE,"9401","1","2686","1","4462","930","425","505","8","14","26","22","30","48","33","12","7","545","55","31","14",1.600000000000000,"84","6","10","84","3","6","4","4","21","21","0",2023BU01060003,"2023",buurten.d92af953-c839-40f6-8f83-28fc37478b49,,,,,,,,,,,,,,,,,,,,,,,,,,,,,,,,,,,,,,,,,,,
BU01060004,Galgenveld,WK010600,GM0106,Assen,"3",NEE,"9401","1","2803","1","8359","885","440","445","6","18","30","20","25","58","22","13","7","605","68","22","10",1.400000000000000,"75","7","17","75","3","7","5","10","11","11","0",2023BU01060004,"2023",buurten.7c8ad0f4-de0d-468a-8383-7400df5c423c,,,,,,,,,,,,,,,,,,,,,,,,,,,,,,,,,,,,,,,,,,,
BU01060009,Asserbos,WK010600,GM0106,Assen,"3",NEE,"9401","1","987","4","44","55","25","25","16","15","35","20","15","49","38","11","2","30","57","27","17",1.800000000000000,"69","2","29","69","0","4","2","25","126","126","0",2023BU01060009,"2023",buurten.55f50281-3763-4224-8d27-a9413188caef,,,,,,,,,,,,,,,,,,,,,,,,,,,,,,,,,,,,,,,,,,,
BU01060010,De Esch,WK010600,GM0106,Assen,"1",NEE,"9401","1","1843","2","5252","690","330","360","10","8","16","32","35","40","42","10","8","345","39","37","24",2.000000000000000,"90","6","4","90","2","3","4","2","13","13","0",2023BU01060010,"2023",buurten.3642cba0-56c2-4328-8842-e9abea9e1e37,,,,,,,,,,,,,,,,,,,,,,,,,,,,,,,,,,,,,,,,,,,
BU01060011,Bomenbuurt,WK010600,GM0106,Assen,"3",NEE,"9401","1","1810","2","3080","520","245","275","8","8","11","33","40","36","42","13","8","290","51","31","18",1.800000000000000,"88","3","10","88","2","4","1","6","17","17","0",2023BU01060011,"2023",buurten.b326c724-7a78-4427-8381-7dea167b8f68,,,,,,,,,,,,,,,,,,,,,,,,,,,,,,,,,,,,,,,,,,,
BU01060012,Zuiderpark,WK010600,GM0106,Assen,"3",NEE,"9401","1","510","4","897","345","180","165","12","9","17","32","30","39","44","10","7","135","35","37","27",2.100000000000000,"87","2","11","87","1","6","1","5","39","39","0",2023BU01060012,"2023",buurten.730ca54b-abaa-4065-9de5-e0d1335b63a0,,,,,,,,,,,,,,,,,,,,,,,,,,,,,,,,,,,,,,,,,,,
BU01060201,Dichtershof,WK010602,GM0106,Assen,"3",NEE,"9402","1","2286","2","3801","670","305","370","12","6","17","22","43","36","38","11","15","380","52","30","17",1.700000000000000,"85","7","8","85","4","4","2","4","18","18","0",2023BU01060201,"2023",buurten.79fe5e02-cba1-4c8e-8d95-cb2d9f1f5ed2,,,,,,,,,,,,,,,,,,,,,,,,,,,,,,,,,,,,,,,,,,,
BU01060205,Componistenbuurt Oost,WK010602,GM0106,Assen,"3",NEE,"9402","1","1897","2","5448","2205","1070","1140","17","11","21","28","23","49","34","11","6","1045","42","25","32",2.100000000000000,"72","4","24","72","2","11","2","13","40","40","0",2023BU01060205,"2023",buurten.af13a2ca-91d2-412f-bd08-ef3f058a3ac5,,,,,,,,,,,,,,,,,,,,,,,,,,,,,,,,,,,,,,,,,,,
BU01060302,Houtlaan,WK010603,GM0106,Assen,"3",NEE,"9403","1","523","4","1929","335","175","160","10","13","7","48","22","36","56","6","2","135","12","52","36",2.500000000000000,"91","3","6","91","1","2","2","4","17","17","0",2023BU01060302,"2023",buurten.558e3c25-5fae-41fd-a9d4-c0d735b9ef7f,,,,,,,,,,,,,,,,,,,,,,,,,,,,,,,,,,,,,,,,,,,
BU01060303,Vreebergen/Amelterhout,WK010603,GM0106,Assen,"3",NEE,"9403","1","750","4","1588","455","220","235","13","12","13","30","33","35","54","6","5","200","22","46","32",2.300000000000000,"91","3","6","91","2","3","1","3","29","29","0",2023BU01060303,"2023",buurten.f30cf450-06da-42e4-984d-dfb1845530b8,,,,,,,,,,,,,,,,,,,,,,,,,,,,,,,,,,,,,,,,,,,
BU01060304,Schildersbuurt,WK010603,GM0106,Assen,"3",NEE,"9403","1","1916","2","5577","1255","610","650","17","12","27","25","19","54","33","11","2","615","41","27","31",2.000000000000000,"83","4","13","83","2","6","3","6","23","23","0",2023BU01060304,"2023",buurten.96cd6f4b-13c8-4354-8425-2c90719b26fe,,,,,,,,,,,,,,,,,,,,,,,,,,,,,,,,,,,,,,,,,,,
BU01060305,Vredeveld Noord,WK010603,GM0106,Assen,"3",NEE,"9404","1","1954","2","4560","1875","945","930","11","11","29","26","23","56","30","9","5","1095","53","26","20",1.700000000000000,"86","6","8","86","3","4","3","4","41","41","0",2023BU01060305,"2023",buurten.871612fd-7d9f-4bb0-860e-9f02e6af44bb,,,,,,,,,,,,,,,,,,,,,,,,,,,,,,,,,,,,,,,,,,,
BU01060306,Sluisdennen,WK010603,GM0106,Assen,"3",NEE,"9404","1","1125","3","777","335","145","190","3","2","8","16","71","18","49","6","27","150","40","54","6",1.700000000000000,"86","4","10","86","3","2","1","7","43","43","0",2023BU01060306,"2023",buurten.bd84cd9f-462c-449d-b293-470678b77e82,,,,,,,,,,,,,,,,,,,,,,,,,,,,,,,,,,,,,,,,,,,
BU01060307,Vredeveld Zuid,WK010603,GM0106,Assen,"3",NEE,"9404","1","1272","3","5094","2305","1090","1215","13","9","25","25","28","49","32","12","7","1265","53","24","23",1.800000000000000,"82","3","14","82","2","5","2","9","45","45","0",2023BU01060307,"2023",buurten.bb9a720a-cfae-42f5-902c-39bd56845c35,,,,,,,,,,,,,,,,,,,,,,,,,,,,,,,,,,,,,,,,,,,
BU01060308,De Dorpen,WK010603,GM0106,Assen,"3",NEE,"9404","1","1800","2","5003","1155","585","570","13","9","25","26","27","52","29","14","5","645","53","23","24",1.800000000000000,"82","5","13","82","2","5","3","8","23","23","0",2023BU01060308,"2023",buurten.1197eed6-755a-4a02-af07-8c4a73eacbdc,,,,,,,,,,,,,,,,,,,,,,,,,,,,,,,,,,,,,,,,,,,
BU01060309,GGZ-terrein,WK010603,GM0106,Assen,"3",NEE,"9404","1","937","4","597","310","225","90","0","3","35","34","28","71","5","17","6","15","100","0","0",1.000000000000000,"72","6","22","72","3","10","3","12","53","52","1",2023BU01060309,"2023",buurten.33fdab74-d8ba-45ce-8b20-1545e22161f8,,,,,,,,,,,,,,,,,,,,,,,,,,,,,,,,,,,,,,,,,,,
BU01060310,Park Diepstroeten,WK010603,GM0106,Assen,"3",NEE,"9404","1","293","5","2955","1080","555","530","24","7","35","24","9","51","43","5","1","415","19","31","50",2.600000000000000,"89","3","8","89","2","5","1","2","37","37","0",2023BU01060310,"2023",buurten.44eb18fc-e7de-4bb5-86f8-4eb1595f090b,,,,,,,,,,,,,,,,,,,,,,,,,,,,,,,,,,,,,,,,,,,
BU01060311,Vanboeijen,WK010603,GM0106,Assen,"3",NEE,"9404","1","562","4","1090","235","150","85","3","6","23","29","38","98","0","1","0","0","-99999999","-99999999","-99999999",-99999999.000000000000000,"89","2","9","89","1","4","1","5","22","22","1",2023BU01060311,"2023",buurten.281eceb6-7d14-4445-8d31-ddba0a94a44e,,,,,,,,,,,,,,,,,,,,,,,,,,,,,,,,,,,,,,,,,,,
BU01060500,De Maten,WK010605,GM0106,Assen,"3",NEE,"9405","1","298","5","633","370","230","140","23","18","44","15","0","62","33","4","1","5","-99999999","-99999999","-99999999",2.000000000000000,"1","5","94","1","0","6","5","88","58","58","0",2023BU01060500,"2023",buurten.9618d285-a643-40e7-9a02-b510fc16440e,,,,,,,,,,,,,,,,,,,,,,,,,,,,,,,,,,,,,,,,,,,
BU01060501,De Boskamp,WK010605,GM0106,Assen,"3",NEE,"9405","2","182","5","-99999999","5","5","5","-99999999","-99999999","-99999999","-99999999","-99999999","-99999999","-99999999","-99999999","-99999999","5","-99999999","-99999999","-99999999",2.700000000000000,"-99999999","-99999999","-99999999","-99999999","-99999999","-99999999","-99999999","-99999999","68","67","1",2023BU01060501,"2023",buurten.ce96319f-5980-41d0-930a-8af489de4e48,,,,,,,,,,,,,,,,,,,,,,,,,,,,,,,,,,,,,,,,,,,
BU01060502,Baggelhuizen Zuid,WK010605,GM0106,Assen,"3",NEE,"9405","1","426","5","2275","1185","570","610","14","13","19","29","25","43","42","10","6","550","32","33","35",2.100000000000000,"78","16","6","78","2","3","14","3","52","52","0",2023BU01060502,"2023",buurten.9dffc58e-bb6a-4c40-a576-1337e9b340de,,,,,,,,,,,,,,,,,,,,,,,,,,,,,,,,,,,,,,,,,,,
BU01060503,Baggelhuizen Midden,WK010605,GM0106,Assen,"3",NEE,"9405","1","565","4","4154","1655","805","845","15","13","22","29","22","46","36","12","5","775","38","26","36",2.100000000000000,"85","5","10","85","3","6","2","4","40","40","0",2023BU01060503,"2023",buurten.33630cb8-d67b-4716-9405-3da4e37614a4,,,,,,,,,,,,,,,,,,,,,,,,,,,,,,,,,,,,,,,,,,,
BU01060504,Baggelhuizen Noord,WK010605,GM0106,Assen,"3",NEE,"9405","1","560","4","3268","720","330","395","20","17","20","26","17","55","27","13","4","325","39","18","43",2.200000000000000,"66","5","29","66","2","12","3","17","22","22","0",2023BU01060504,"2023",buurten.b6ae68e5-71de-430e-bb60-e839bb1c0a8d,,,,,,,,,,,,,,,,,,,,,,,,,,,,,,,,,,,,,,,,,,,
BU01060508,Westerpark,WK010605,GM0106,Assen,"3",NEE,"9405","1","901","4","1481","550","280","275","7","9","9","29","47","24","64","5","7","265","24","55","21",2.100000000000000,"91","4","5","91","3","3","1","2","37","37","0",2023BU01060508,"2023",buurten.9e899c0a-3410-49ea-b5c4-582b7b85948a,,,,,,,,,,,,,,,,,,,,,,,,,,,,,,,,,,,,,,,,,,,
BU01060509,Sportpark Stadsbroek,WK010605,GM0106,Assen,"3",NEE,"9405","2","529","4","-99999999","0","0","0","-99999999","-99999999","-99999999","-99999999","-99999999","-99999999","-99999999","-99999999","-99999999","0","-99999999","-99999999","-99999999",-99999999.000000000000000,"-99999999","-99999999","-99999999","-99999999","-99999999","-99999999","-99999999","-99999999","44","44","0",2023BU01060509,"2023",buurten.d4890add-f4b9-495c-8aac-f64904369e9d,,,,,,,,,,,,,,,,,,,,,,,,,,,,,,,,,,,,,,,,,,,
BU01060600,De Venen/De Wallen,WK010606,GM0106,Assen,"3",NEE,"9407","1","1520","2","3871","970","500","470","17","11","24","27","21","47","41","8","4","450","36","32","33",2.100000000000000,"79","4","17","79","3","9","2","8","25","25","0",2023BU01060600,"2023",buurten.3a738ca9-ac2f-48b6-9464-d90d9ce16954,,,,,,,,,,,,,,,,,,,,,,,,,,,,,,,,,,,,,,,,,,,
BU01060602,De Landen/De Akkers,WK010606,GM0106,Assen,"3",NEE,"9407","1","1414","3","5649","2215","1065","1145","16","13","26","28","17","49","37","10","4","1065","41","27","32",2.100000000000000,"84","5","11","84","2","5","3","6","39","39","0",2023BU01060602,"2023",buurten.88f355f7-834f-4247-8b5f-bcf17dcb74f0,,,,,,,,,,,,,,,,,,,,,,,,,,,,,,,,,,,,,,,,,,,
BU01060603,De Kampen/De Essen,WK010606,GM0106,Assen,"3",NEE,"9407","1","1508","2","3604","1520","755","765","17","14","24","27","18","47","39","9","4","685","30","34","36",2.200000000000000,"84","5","11","84","3","6","2","5","42","42","0",2023BU01060603,"2023",buurten.c81ef66e-9c53-4a58-aaf8-3a7a2f119d4c,,,,,,,,,,,,,,,,,,,,,,,,,,,,,,,,,,,,,,,,,,,
BU01060604,Peelerpark,WK010606,GM0106,Assen,"3",NEE,"9407","1","722","4","118","50","25","30","16","8","14","52","10","38","52","8","2","20","11","58","32",2.600000000000000,"98","0","2","98","0","2","0","0","48","42","6",2023BU01060604,"2023",buurten.bede0ba6-843b-4c24-83b7-dc316f11f491,,,,,,,,,,,,,,,,,,,,,,,,,,,,,,,,,,,,,,,,,,,
BU01060700,Messchenveld,WK010607,GM0106,Assen,"3",NEE,"9403","1","770","4","179","150","75","70","18","18","16","43","5","48","47","3","1","50","8","31","60",3.100000000000000,"78","3","19","78","1","11","3","7","86","82","4",2023BU01060700,"2023",buurten.7a0078f3-da23-47e0-9379-301f54d1d574,,,,,,,,,,,,,,,,,,,,,,,,,,,,,,,,,,,,,,,,,,,
BU01060701,De Messchen,WK010607,GM0106,Assen,"3",NEE,"9403","1","691","4","3337","840","415","425","13","12","14","35","26","39","50","8","4","350","21","43","36",2.400000000000000,"89","3","7","89","2","4","2","3","30","25","5",2023BU01060701,"2023",buurten.6eeef0f9-d270-42b2-8ca8-df1c7aeba78f,,,,,,,,,,,,,,,,,,,,,,,,,,,,,,,,,,,,,,,,,,,
BU01060702,De Hamels,WK010607,GM0106,Assen,"3",NEE,"9403","1","911","4","3073","540","270","270","13","12","15","37","22","33","59","5","3","215","14","46","40",2.500000000000000,"93","4","4","93","2","3","2","1","19","18","2",2023BU01060702,"2023",buurten.29e85afe-065e-43a2-9f91-24f2a9a73488,,,,,,,,,,,,,,,,,,,,,,,,,,,,,,,,,,,,,,,,,,,
BU01060703,De Kleuven,WK010607,GM0106,Assen,"1",NEE,"9403","1","1056","3","5720","1085","530","555","18","13","27","31","12","51","37","9","3","470","29","27","44",2.300000000000000,"86","4","10","86","3","5","2","5","19","19","0",2023BU01060703,"2023",buurten.87a34a0a-6cf6-4299-92ab-fd3e9b39f93e,,,,,,,,,,,,,,,,,,,,,,,,,,,,,,,,,,,,,,,,,,,
BU01060704,De Dreven,WK010607,GM0106,Assen,"1",NEE,"9403","1","1248","3","5706","1125","545","585","17","13","25","31","14","47","43","8","2","465","27","31","42",2.400000000000000,"84","2","14","84","1","8","1","6","20","20","0",2023BU01060704,"2023",buurten.1a6b8531-e346-4d4b-81dc-17d135594af5,,,,,,,,,,,,,,,,,,,,,,,,,,,,,,,,,,,,,,,,,,,
BU01060705,De Breen,WK010607,GM0106,Assen,"3",NEE,"9403","1","1215","3","3148","945","460","480","15","11","20","30","24","39","51","5","5","395","23","41","35",2.400000000000000,"90","3","7","90","2","3","1","5","30","30","0",2023BU01060705,"2023",buurten.66ff473c-4da4-4db4-b9cf-7305a0088cbf,,,,,,,,,,,,,,,,,,,,,,,,,,,,,,,,,,,,,,,,,,,
BU01060706,De Hoven,WK010607,GM0106,Assen,"3",NEE,"9403","1","1412","3","3353","850","435","415","12","11","14","33","31","34","58","6","2","360","18","48","33",2.400000000000000,"93","2","5","93","1","4","1","2","25","25","0",2023BU01060706,"2023",buurten.2d89e407-3c94-4d54-b148-2251b968da37,,,,,,,,,,,,,,,,,,,,,,,,,,,,,,,,,,,,,,,,,,,
BU01060707,De Heugten,WK010607,GM0106,Assen,"1",NEE,"9403","1","1417","3","5879","1200","575","620","16","11","25","28","20","45","39","12","4","575","38","28","33",2.100000000000000,"85","5","9","85","3","4","3","5","20","20","0",2023BU01060707,"2023",buurten.028e4aee-20f8-4367-bdb5-7693cebd48bb,,,,,,,,,,,,,,,,,,,,,,,,,,,,,,,,,,,,,,,,,,,
BU01060708,De Beemden,WK010607,GM0106,Assen,"1",NEE,"9403","1","1380","3","4260","825","405","430","19","12","21","32","16","49","38","9","4","350","28","30","42",2.400000000000000,"83","4","13","83","3","6","1","7","19","19","0",2023BU01060708,"2023",buurten.b91bb1ae-0818-44d8-a859-fbc11a3a99a6,,,,,,,,,,,,,,,,,,,,,,,,,,,,,,,,,,,,,,,,,,,
BU01060709,De Hullen,WK010607,GM0106,Assen,"1",NEE,"9403","1","1351","3","7224","965","470","495","16","13","22","32","17","43","47","6","4","395","23","36","41",2.400000000000000,"84","3","13","84","2","7","1","6","13","13","0",2023BU01060709,"2023",buurten.e207bfa0-872c-4808-ab08-523687253c1c,,,,,,,,,,,,,,,,,,,,,,,,,,,,,,,,,,,,,,,,,,,
BU01060710,De Stoepen,WK010607,GM0106,Assen,"3",NEE,"9403","1","1023","3","4517","2205","1095","1110","18","15","22","36","10","48","45","6","2","825","18","31","51",2.700000000000000,"88","4","8","88","2","5","2","3","52","49","3",2023BU01060710,"2023",buurten.a2be6977-bc22-469a-926f-19ef06dd50bc,,,,,,,,,,,,,,,,,,,,,,,,,,,,,,,,,,,,,,,,,,,
BU01060711,De Goorns,WK010607,GM0106,Assen,"1",NEE,"9403","1","1318","3","4670","695","340","365","16","11","22","30","20","46","41","9","4","325","38","29","33",2.100000000000000,"82","4","14","82","2","7","1","7","15","15","0",2023BU01060711,"2023",buurten.7551896e-2107-4b49-9534-71e68bbc7841,,,,,,,,,,,,,,,,,,,,,,,,,,,,,,,,,,,,,,,,,,,
BU01060712,Bedrijventerrein Marsdijk West,WK010607,GM0106,Assen,"3",NEE,"9403","1","1308","3","416","160","90","70","16","13","25","31","16","48","41","10","1","65","28","30","42",2.400000000000000,"91","4","5","91","3","3","2","3","38","38","0",2023BU01060712,"2023",buurten.0eb332e2-659f-4bdc-a528-1d82ec2a3277,,,,,,,,,,,,,,,,,,,,,,,,,,,,,,,,,,,,,,,,,,,
BU01060713,Bedrijventerrein West,WK010607,GM0106,Assen,"3",NEE,"9403","3","1427","3","457","160","100","65","8","21","47","20","4","79","19","1","1","125","86","5","10",1.300000000000000,"9","67","24","9","0","0","67","24","35","35","0",2023BU01060713,"2023",buurten.69cb683c-3e73-4ce2-bf07-699cc99b6b62,,,,,,,,,,,,,,,,,,,,,,,,,,,,,,,,,,,,,,,,,,,
BU01060714,Bedrijventerrein Oost,WK010607,GM0106,Assen,"3",NEE,"9403","1","1009","3","153","50","25","25","8","20","20","25","27","45","27","16","12","30","55","24","21",1.800000000000000,"90","2","8","90","0","4","2","4","33","33","0",2023BU01060714,"2023",buurten.0244af72-a53b-454c-9328-0c2d8b3b4282,,,,,,,,,,,,,,,,,,,,,,,,,,,,,,,,,,,,,,,,,,,
BU01060715,Bedrijventerrein Marsdijk Oost,WK010607,GM0106,Assen,"3",NEE,"9403","1","652","4","264","195","100","95","7","18","16","43","15","39","49","9","3","75","17","34","49",2.600000000000000,"89","2","9","89","1","5","1","4","79","73","5",2023BU01060715,"2023",buurten.078bb008-4b70-46f7-880d-2c7a6e4cd7f6,,,,,,,,,,,,,,,,,,,,,,,,,,,,,,,,,,,,,,,,,,,
BU01060716,Havenkanaal Noordzijde,WK010607,GM0106,Assen,"3",NEE,"9403","1","1042","3","31","10","10","5","-99999999","-99999999","-99999999","-99999999","-99999999","-99999999","-99999999","-99999999","-99999999","5","-99999999","-99999999","-99999999",2.600000000000000,"-99999999","-99999999","-99999999","-99999999","-99999999","-99999999","-99999999","-99999999","46","41","5",2023BU01060716,"2023",buurten.b0fa89db-a7ef-43a3-b848-f6710e3575b8,,,,,,,,,,,,,,,,,,,,,,,,,,,,,,,,,,,,,,,,,,,
BU01060717,Havenkanaal Zuidzijde,WK010607,GM0106,Assen,"3",NEE,"9403","1","1803","2","400","95","75","20","2","18","47","29","4","78","7","14","1","15","71","24","6",1.300000000000000,"51","3","46","51","0","9","3","37","25","24","0",2023BU01060717,"2023",buurten.7674b3ee-8d2f-46ba-b3f3-396db89fa8d9,,,,,,,,,,,,,,,,,,,,,,,,,,,,,,,,,,,,,,,,,,,
BU01069900,Loon,WK010699,GM0106,Assen,"1",NEE,"9409","1","143","5","933","250","115","135","10","11","11","36","32","31","55","5","10","110","25","44","31",2.300000000000000,"93","2","5","93","2","3","0","2","27","27","0",2023BU01069900,"2023",buurten.2f853713-6484-4b46-a836-80087f5e0cae,,,,,,,,,,,,,,,,,,,,,,,,,,,,,,,,,,,,,,,,,,,
BU01069908,Ter Aard,WK010699,GM0106,Assen,"1",NEE,"9487","1","167","5","419","75","40","35","16","12","19","30","23","49","32","14","4","30","17","47","37",2.600000000000000,"97","3","0","97","1","0","1","0","18","18","0",2023BU01069908,"2023",buurten.419ad996-a699-487a-8612-4e716d063cef,,,,,,,,,,,,,,,,,,,,,,,,,,,,,,,,,,,,,,,,,,,
BU01069912,Witten,WK010699,GM0106,Assen,"3",NEE,"9405","1","160","5","332","70","35","35","8","21","10","42","19","39","51","6","4","30","22","37","41",2.700000000000000,"92","3","6","92","0","1","3","4","22","22","0",2023BU01069912,"2023",buurten.aa84535b-8274-4564-8cf1-b349a356e8d5,,,,,,,,,,,,,,,,,,,,,,,,,,,,,,,,,,,,,,,,,,,
BU01069915,Anreep/Schieven,WK010699,GM0106,Assen,"3",NEE,"9404","1","295","5","234","60","35","20","8","18","18","35","20","57","40","3","0","20","25","45","30",2.300000000000000,"92","7","2","92","5","2","2","0","26","26","0",2023BU01069915,"2023",buurten.be095a9f-7d43-4a08-a90a-eb3fddc89510,,,,,,,,,,,,,,,,,,,,,,,,,,,,,,,,,,,,,,,,,,,
BU01069918,Dijkveld,WK010699,GM0106,Assen,"3",NEE,"9403","1","223","5","28","30","10","10","-99999999","-99999999","-99999999","-99999999","-99999999","-99999999","-99999999","-99999999","-99999999","15","25","42","33",2.300000000000000,"-99999999","-99999999","-99999999","-99999999","-99999999","-99999999","-99999999","-99999999","98","97","1",2023BU01069918,"2023",buurten.6ea2e381-44b5-4a07-8bcd-9f12f24b9cc1,,,,,,,,,,,,,,,,,,,,,,,,,,,,,,,,,,,,,,,,,,,
